Runs,Mins,BF,4s,6s,SR,Pos,Dismissed,Inns,Opposition,Ground,Start Date,MatchNo,Batter,Batting Style,Playing Role
6.0,11,9.0,1,0,66.66,2,1,2,v Ireland,Dublin (Malahide),2022-07-10,ODI # 4419,Finn Allen,Right hand Bat,Top order Batter
60.0,74,58.0,6,3,103.44,2,1,2,v Ireland,Dublin (Malahide),2022-07-12,ODI # 4423,Finn Allen,Right hand Bat,Top order Batter
33.0,40,28.0,7,0,117.85,2,1,1,v Ireland,Dublin (Malahide),2022-07-15,ODI # 4429,Finn Allen,Right hand Bat,Top order Batter
50.0,59,48.0,9,0,104.16,2,1,2,v Scotland,Edinburgh,2022-07-31,ODI # 4440,Finn Allen,Right hand Bat,Top order Batter
25.0,-,24.0,2,2,104.16,2,1,1,v West Indies,Bridgetown,2022-08-17,ODI # 4450,Finn Allen,Right hand Bat,Top order Batter
96.0,180,117.0,7,3,82.05,2,1,1,v West Indies,Bridgetown,2022-08-19,ODI # 4453,Finn Allen,Right hand Bat,Top order Batter
3.0,18,9.0,0,0,33.33,2,1,2,v West Indies,Bridgetown,2022-08-21,ODI # 4456,Finn Allen,Right hand Bat,Top order Batter
35.0,53,38.0,5,1,92.10,1,1,2,v Australia,Cairns,2022-09-11,ODI # 4464,Finn Allen,Right hand Bat,Top order Batter
22.0,33,25.0,2,1,88.00,1,1,2,v India,Auckland,2022-11-25,ODI # 4483,Finn Allen,Right hand Bat,Top order Batter
57.0,78,54.0,8,1,105.55,1,1,2,v India,Christchurch,2022-11-30,ODI # 4489,Finn Allen,Right hand Bat,Top order Batter
29.0,40,27.0,6,0,107.40,1,1,1,v Pakistan,Karachi,2023-01-09,ODI # 4500,Finn Allen,Right hand Bat,Top order Batter
1.0,6,4.0,0,0,25.00,1,1,1,v Pakistan,Karachi,2023-01-11,ODI # 4502,Finn Allen,Right hand Bat,Top order Batter
25.0,44,25.0,4,0,100.00,1,1,2,v Pakistan,Karachi,2023-01-13,ODI # 4504,Finn Allen,Right hand Bat,Top order Batter
40.0,63,39.0,7,1,102.56,1,1,2,v India,Rajiv Gandhi International Cricket Stadium,2023-01-18,ODI # 4507,Finn Allen,Right hand Bat,Top order Batter
0.0,4,5.0,0,0,0.00,1,1,1,v India,Raipur,2023-01-21,ODI # 4509,Finn Allen,Right hand Bat,Top order Batter
0.0,3,2.0,0,0,0.00,1,1,2,v India,Indore,2023-01-24,ODI # 4511,Finn Allen,Right hand Bat,Top order Batter
51.0,88,49.0,5,2,104.08,2,1,1,v Sri Lanka,Auckland,2023-03-25,ODI # 4548,Finn Allen,Right hand Bat,Top order Batter
9.0,14,10.0,1,0,90.0,3,1,2,v India,Hamilton,2020-02-05,ODI # 4235,Tom Blundell,Right hand Bat,Wicketkeeper Batter
22.0,34,25.0,3,0,88.0,3,1,1,v India,Auckland,2020-02-08,ODI # 4239,Tom Blundell,Right hand Bat,Wicketkeeper Batter
4.0,9,3.0,1,0,133.33,2,1,2,v Sri Lanka,Hamilton,2023-03-31,ODI # 4557,Tom Blundell,Right hand Bat,Wicketkeeper Batter
65.0,112,78.0,7,0,83.33,2,1,2,v Pakistan,Karachi,2023-05-03,ODI # 4573,Tom Blundell,Right hand Bat,Wicketkeeper Batter
23.0,42,29.0,4,0,79.31,2,1,2,v Pakistan,Karachi,2023-05-05,ODI # 4574,Tom Blundell,Right hand Bat,Wicketkeeper Batter
15.0,34,22.0,2,0,68.18,2,1,1,v Pakistan,Karachi,2023-05-07,ODI # 4575,Tom Blundell,Right hand Bat,Wicketkeeper Batter
1.0,6,5.0,0,0,20.00,6,1,1,v Netherlands,Hamilton,2022-04-02,ODI # 4381,Michael Bracewell,Left hand Bat,Batting Allrounder
3.0,15,2.0,0,0,150.00,5,1,1,v Netherlands,Hamilton,2022-04-04,ODI # 4383,Michael Bracewell,Left hand Bat,Batting Allrounder
127.0,119,82.0,10,7,154.87,7,0,2,v Ireland,Dublin (Malahide),2022-07-10,ODI # 4419,Michael Bracewell,Left hand Bat,Batting Allrounder
42.0,45,40.0,3,3,105.00,7,0,2,v Ireland,Dublin (Malahide),2022-07-12,ODI # 4423,Michael Bracewell,Left hand Bat,Batting Allrounder
21.0,32,16.0,1,1,131.25,7,0,1,v Ireland,Dublin (Malahide),2022-07-15,ODI # 4429,Michael Bracewell,Left hand Bat,Batting Allrounder
31.0,-,33.0,5,0,93.93,7,1,1,v West Indies,Bridgetown,2022-08-17,ODI # 4450,Michael Bracewell,Left hand Bat,Batting Allrounder
6.0,29,15.0,0,0,40.00,6,1,1,v West Indies,Bridgetown,2022-08-19,ODI # 4453,Michael Bracewell,Left hand Bat,Batting Allrounder
14.0,30,15.0,1,0,93.33,6,0,2,v West Indies,Bridgetown,2022-08-21,ODI # 4456,Michael Bracewell,Left hand Bat,Batting Allrounder
7.0,13,8.0,1,0,87.50,6,1,1,v Australia,Cairns,2022-09-06,ODI # 4461,Michael Bracewell,Left hand Bat,Batting Allrounder
12.0,32,22.0,1,0,54.54,6,1,2,v Australia,Cairns,2022-09-08,ODI # 4462,Michael Bracewell,Left hand Bat,Batting Allrounder
43.0,62,42.0,4,1,102.38,7,1,1,v Pakistan,Karachi,2023-01-09,ODI # 4500,Michael Bracewell,Left hand Bat,Batting Allrounder
8.0,29,14.0,0,0,57.14,7,1,1,v Pakistan,Karachi,2023-01-11,ODI # 4502,Michael Bracewell,Left hand Bat,Batting Allrounder
7.0,8,6.0,0,1,116.66,6,1,2,v Pakistan,Karachi,2023-01-13,ODI # 4504,Michael Bracewell,Left hand Bat,Batting Allrounder
140.0,125,78.0,12,10,179.48,7,1,2,v India,Rajiv Gandhi International Cricket Stadium,2023-01-18,ODI # 4507,Michael Bracewell,Left hand Bat,Batting Allrounder
22.0,38,30.0,4,0,73.33,7,1,1,v India,Raipur,2023-01-21,ODI # 4509,Michael Bracewell,Left hand Bat,Batting Allrounder
26.0,45,22.0,3,1,118.18,7,1,2,v India,Indore,2023-01-24,ODI # 4511,Michael Bracewell,Left hand Bat,Batting Allrounder
124.0,-,116.0,11,2,106.89,4,0,1,v U.A.E.,ICCA Dubai,2015-11-16,ODI # 3709,Mark Chapman,Left hand Bat,Allrounder
27.0,-,35.0,0,1,77.14,4,1,1,v U.A.E.,ICCA Dubai,2015-11-18,ODI # 3711,Mark Chapman,Left hand Bat,Allrounder
1.0,9,6.0,0,0,16.66,3,1,1,v England,Mount Maunganui,2018-02-28,ODI # 3981,Mark Chapman,Left hand Bat,Allrounder
8.0,13,14.0,1,0,57.14,4,1,2,v England,Wellington,2018-03-03,ODI # 3982,Mark Chapman,Left hand Bat,Allrounder
0.0,5,3.0,0,0,0.0,5,1,1,v England,Christchurch,2018-03-10,ODI # 3992,Mark Chapman,Left hand Bat,Allrounder
1.0,2,2.0,0,0,50.0,8,1,1,v India,Auckland,2020-02-08,ODI # 4239,Mark Chapman,Left hand Bat,Allrounder
101.0,108,75.0,6,7,134.66,4,0,2,v Scotland,Edinburgh,2022-07-31,ODI # 4440,Mark Chapman,Left hand Bat,Allrounder
15.0,21,14.0,2,0,107.14,5,1,1,v Pakistan,Rawalpindi,2023-04-27,ODI # 4569,Mark Chapman,Left hand Bat,Allrounder
1.0,12,3.0,0,0,33.33,6,1,1,v Pakistan,Rawalpindi,2023-04-29,ODI # 4571,Mark Chapman,Left hand Bat,Allrounder
13.0,34,21.0,0,0,61.9,5,1,2,v Pakistan,Karachi,2023-05-03,ODI # 4573,Mark Chapman,Left hand Bat,Allrounder
46.0,42,33.0,4,3,139.39,5,1,2,v Pakistan,Karachi,2023-05-05,ODI # 4574,Mark Chapman,Left hand Bat,Allrounder
43.0,33,33.0,5,2,130.3,5,1,1,v Pakistan,Karachi,2023-05-07,ODI # 4575,Mark Chapman,Left hand Bat,Allrounder
27.0,61,52.0,2,0,51.92,3,1,2,v Bangladesh,Dunedin,2021-03-20,ODI # 4279,Devon Conway,Left hand Bat,Wicketkeeper Batter
72.0,113,93.0,7,0,77.41,3,1,2,v Bangladesh,Christchurch,2021-03-23,ODI # 4280,Devon Conway,Left hand Bat,Wicketkeeper Batter
126.0,172,110.0,17,0,114.54,3,1,1,v Bangladesh,Wellington,2021-03-26,ODI # 4282,Devon Conway,Left hand Bat,Wicketkeeper Batter
4.0,-,15.0,0,0,26.66,4,1,1,v West Indies,Bridgetown,2022-08-17,ODI # 4450,Devon Conway,Left hand Bat,Wicketkeeper Batter
6.0,27,17.0,0,0,35.29,3,1,1,v West Indies,Bridgetown,2022-08-19,ODI # 4453,Devon Conway,Left hand Bat,Wicketkeeper Batter
56.0,94,63.0,6,0,88.88,3,1,2,v West Indies,Bridgetown,2022-08-21,ODI # 4456,Devon Conway,Left hand Bat,Wicketkeeper Batter
46.0,106,68.0,4,1,67.64,2,1,1,v Australia,Cairns,2022-09-06,ODI # 4461,Devon Conway,Left hand Bat,Wicketkeeper Batter
5.0,43,20.0,0,0,25.00,2,1,2,v Australia,Cairns,2022-09-08,ODI # 4462,Devon Conway,Left hand Bat,Wicketkeeper Batter
21.0,41,26.0,5,0,80.76,2,1,2,v Australia,Cairns,2022-09-11,ODI # 4464,Devon Conway,Left hand Bat,Wicketkeeper Batter
24.0,65,42.0,3,0,57.14,2,1,2,v India,Auckland,2022-11-25,ODI # 4483,Devon Conway,Left hand Bat,Wicketkeeper Batter
38.0,87,51.0,6,0,74.50,2,0,2,v India,Christchurch,2022-11-30,ODI # 4489,Devon Conway,Left hand Bat,Wicketkeeper Batter
0.0,5,1.0,0,0,0.00,2,1,1,v Pakistan,Karachi,2023-01-09,ODI # 4500,Devon Conway,Left hand Bat,Wicketkeeper Batter
101.0,137,92.0,13,1,109.78,2,1,1,v Pakistan,Karachi,2023-01-11,ODI # 4502,Devon Conway,Left hand Bat,Wicketkeeper Batter
52.0,91,65.0,5,1,80.00,2,1,2,v Pakistan,Karachi,2023-01-13,ODI # 4504,Devon Conway,Left hand Bat,Wicketkeeper Batter
10.0,28,16.0,2,0,62.50,2,1,2,v India,Rajiv Gandhi International Cricket Stadium,2023-01-18,ODI # 4507,Devon Conway,Left hand Bat,Wicketkeeper Batter
7.0,50,16.0,1,0,43.75,2,1,1,v India,Raipur,2023-01-21,ODI # 4509,Devon Conway,Left hand Bat,Wicketkeeper Batter
138.0,144,100.0,12,8,138.00,2,1,2,v India,Indore,2023-01-24,ODI # 4511,Devon Conway,Left hand Bat,Wicketkeeper Batter
0.0,6,3.0,0,0,0.00,10,1,2,v Australia,SCG,2016-12-04,ODI # 3811,Lockie Ferguson,Right hand Bat,Bowler
4.0,25,15.0,0,0,26.66,10,0,2,v Australia,MCG,2016-12-09,ODI # 3813,Lockie Ferguson,Right hand Bat,Bowler
4.0,-,7.0,1,0,57.14,10,1,1,v Bangladesh,Nelson,2016-12-29,ODI # 3815,Lockie Ferguson,Right hand Bat,Bowler
3.0,17,6.0,0,0,50.00,10,0,1,v Australia,Auckland,2017-01-30,ODI # 3829,Lockie Ferguson,Right hand Bat,Bowler
0.0,1,1.0,0,0,0.00,10,1,1,v Australia,Hamilton,2017-02-05,ODI # 3832,Lockie Ferguson,Right hand Bat,Bowler
4.0,12,13.0,0,0,30.76,10,1,2,v South Africa,Wellington,2017-02-25,ODI # 3841,Lockie Ferguson,Right hand Bat,Bowler
6.0,12,6.0,0,0,100.00,10,0,1,v Pakistan,Dunedin,2018-01-13,ODI # 3949,Lockie Ferguson,Right hand Bat,Bowler
19.0,47,38.0,0,1,50.00,10,1,1,v England,Mount Maunganui,2018-02-28,ODI # 3981,Lockie Ferguson,Right hand Bat,Bowler
3.0,-,4.0,0,0,75.00,10,0,1,v Pakistan,Abu Dhabi,2018-11-07,ODI # 4066,Lockie Ferguson,Right hand Bat,Bowler
1.0,-,1.0,0,0,100.00,11,0,1,v Pakistan,Abu Dhabi,2018-11-09,ODI # 4068,Lockie Ferguson,Right hand Bat,Bowler
0.0,7,3.0,0,0,0.00,10,1,1,v India,Napier,2019-01-23,ODI # 4082,Lockie Ferguson,Right hand Bat,Bowler
12.0,34,20.0,1,0,60.00,10,1,2,v India,Mount Maunganui,2019-01-26,ODI # 4085,Lockie Ferguson,Right hand Bat,Bowler
2.0,3,2.0,0,0,100.00,11,0,1,v India,Mount Maunganui,2019-01-28,ODI # 4088,Lockie Ferguson,Right hand Bat,Bowler
4.0,5,3.0,1,0,133.33,10,0,2,v Bangladesh,Kennington Oval,2019-06-05,ODI # 4151,Lockie Ferguson,Right hand Bat,Bowler
0.0,7,3.0,0,0,0.00,10,1,2,v Australia,Lord's,2019-06-29,ODI # 4178,Lockie Ferguson,Right hand Bat,Bowler
1.0,-,7.0,0,0,14.28,10,1,2,v Australia,SCG,2020-03-13,ODI # 4255,Lockie Ferguson,Right hand Bat,Bowler
8.0,32,13.0,1,0,61.53,10,1,2,v Ireland,Dublin (Malahide),2022-07-10,ODI # 4419,Lockie Ferguson,Right hand Bat,Bowler
0.0,-,2.0,0,0,0.00,10,0,1,v West Indies,Bridgetown,2022-08-17,ODI # 4450,Lockie Ferguson,Right hand Bat,Bowler
5.0,8,5.0,0,0,100.00,10,0,1,v Australia,Cairns,2022-09-06,ODI # 4461,Lockie Ferguson,Right hand Bat,Bowler
4.0,14,11.0,0,0,36.36,10,1,2,v Australia,Cairns,2022-09-11,ODI # 4464,Lockie Ferguson,Right hand Bat,Bowler
1.0,5,1.0,0,0,100.00,11,0,1,v Pakistan,Karachi,2023-01-09,ODI # 4500,Lockie Ferguson,Right hand Bat,Bowler
0.0,14,5.0,0,0,0.00,11,0,1,v Pakistan,Karachi,2023-01-11,ODI # 4502,Lockie Ferguson,Right hand Bat,Bowler
8.0,17,7.0,1,0,114.28,10,1,2,v India,Rajiv Gandhi International Cricket Stadium,2023-01-18,ODI # 4507,Lockie Ferguson,Right hand Bat,Bowler
1.0,7,9.0,0,0,11.11,10,1,1,v India,Raipur,2023-01-21,ODI # 4509,Lockie Ferguson,Right hand Bat,Bowler
7.0,11,12.0,0,0,58.33,9,1,2,v India,Indore,2023-01-24,ODI # 4511,Lockie Ferguson,Right hand Bat,Bowler
1.0,4,3.0,0,0,33.33,10,1,2,v Pakistan,Sharjah,2014-12-14,ODI # 3568,Matt Henry,Right hand Bat,Bowler
20.0,17,17.0,2,0,117.64,10,0,1,v Sri Lanka,Hamilton,2015-01-15,ODI # 3577,Matt Henry,Right hand Bat,Bowler
0.0,14,7.0,0,0,0.00,10,1,1,v Australia,MCG,2015-03-29,ODI # 3646,Matt Henry,Right hand Bat,Bowler
0.0,8,5.0,0,0,0.00,9,1,2,v England,Edgbaston,2015-06-09,ODI # 3654,Matt Henry,Right hand Bat,Bowler
12.0,11,7.0,1,1,171.42,10,1,1,v England,Riverside Ground,2015-06-20,ODI # 3659,Matt Henry,Right hand Bat,Bowler
48.0,55,30.0,4,4,160.00,9,0,1,v Pakistan,Wellington,2016-01-25,ODI # 3728,Matt Henry,Right hand Bat,Bowler
5.0,10,7.0,0,0,71.42,10,0,1,v Australia,Auckland,2016-02-03,ODI # 3731,Matt Henry,Right hand Bat,Bowler
0.0,1,2.0,0,0,0.00,10,1,1,v Australia,Wellington,2016-02-06,ODI # 3733,Matt Henry,Right hand Bat,Bowler
0.0,5,3.0,0,0,0.00,10,0,1,v Australia,Hamilton,2016-02-08,ODI # 3735,Matt Henry,Right hand Bat,Bowler
6.0,15,12.0,0,0,50.00,10,1,1,v India,Arun Jaitley Stadium,2016-10-20,ODI # 3797,Matt Henry,Right hand Bat,Bowler
39.0,52,37.0,4,1,105.40,10,0,1,v India,Mohali,2016-10-23,ODI # 3798,Matt Henry,Right hand Bat,Bowler
27.0,28,15.0,4,1,180.00,9,1,2,v Australia,SCG,2016-12-04,ODI # 3811,Matt Henry,Right hand Bat,Bowler
7.0,14,13.0,0,0,53.84,10,1,2,v Australia,Manuka Oval,2016-12-06,ODI # 3812,Matt Henry,Right hand Bat,Bowler
5.0,-,14.0,0,0,35.71,9,1,1,v Bangladesh,Dublin,2017-05-24,ODI # 3871,Matt Henry,Right hand Bat,Bowler
6.0,-,5.0,1,0,120.00,8,1,1,v Sri Lanka,Mount Maunganui,2019-01-03,ODI # 4074,Matt Henry,Right hand Bat,Bowler
17.0,16,9.0,1,2,188.88,10,0,2,v India,Wellington,2019-02-03,ODI # 4092,Matt Henry,Right hand Bat,Bowler
6.0,16,8.0,1,0,75.00,9,1,2,v Bangladesh,Kennington Oval,2019-06-05,ODI # 4151,Matt Henry,Right hand Bat,Bowler
0.0,1,0.0,0,0,-,9,0,1,v West Indies,Emirates Old Trafford,2019-06-22,ODI # 4170,Matt Henry,Right hand Bat,Bowler
7.0,17,13.0,0,0,53.84,10,1,2,v England,Riverside Ground,2019-07-03,ODI # 4183,Matt Henry,Right hand Bat,Bowler
1.0,6,2.0,0,0,50.00,9,1,1,v India,Emirates Old Trafford,2019-07-09,ODI # 4190,Matt Henry,Right hand Bat,Bowler
4.0,7,2.0,1,0,200.00,9,1,1,v England,Lord's,2019-07-14,ODI # 4192,Matt Henry,Right hand Bat,Bowler
0.0,9,8.0,0,0,0.00,9,1,2,v Ireland,Dublin (Malahide),2022-07-10,ODI # 4419,Matt Henry,Right hand Bat,Bowler
3.0,11,3.0,0,0,100.00,9,0,2,v Ireland,Dublin (Malahide),2022-07-12,ODI # 4423,Matt Henry,Right hand Bat,Bowler
4.0,10,7.0,0,0,57.14,9,1,1,v Australia,Cairns,2022-09-06,ODI # 4461,Matt Henry,Right hand Bat,Bowler
5.0,17,11.0,0,0,45.45,10,1,2,v Australia,Cairns,2022-09-08,ODI # 4462,Matt Henry,Right hand Bat,Bowler
0.0,1,2.0,0,0,0.00,9,1,1,v Sri Lanka,Auckland,2023-03-25,ODI # 4548,Matt Henry,Right hand Bat,Bowler
1.0,6,1.0,0,0,100.00,11,1,2,v Pakistan,Karachi,2023-05-03,ODI # 4573,Matt Henry,Right hand Bat,Bowler
5.0,14,5.0,1,0,100.00,9,1,2,v Pakistan,Karachi,2023-05-05,ODI # 4574,Matt Henry,Right hand Bat,Bowler
4.0,8,3.0,0,0,133.33,10,0,1,v Pakistan,Karachi,2023-05-07,ODI # 4575,Matt Henry,Right hand Bat,Bowler
25.0,43,24.0,1,2,104.16,10,0,1,v India,Auckland,2020-02-08,ODI # 4239,Kyle Jamieson,Right hand Bat,Bowler
3.0,9,4.0,0,0,75.00,10,1,1,v Netherlands,Hamilton,2022-04-02,ODI # 4381,Kyle Jamieson,Right hand Bat,Bowler
6.0,4,3.0,1,0,200.00,10,0,1,v Netherlands,Hamilton,2022-04-04,ODI # 4383,Kyle Jamieson,Right hand Bat,Bowler
24.0,43,33.0,3,0,72.72,5,1,1,v Zimbabwe,Dunedin,2012-02-03,ODI # 3230,Tom Latham,Left hand Bat,Wicketkeeper Batter
48.0,41,28.0,5,2,171.42,6,1,1,v Zimbabwe,Whangarei,2012-02-06,ODI # 3232,Tom Latham,Left hand Bat,Wicketkeeper Batter
7.0,4,3.0,0,1,233.33,9,0,1,v Zimbabwe,Napier,2012-02-09,ODI # 3234,Tom Latham,Left hand Bat,Wicketkeeper Batter
2.0,10,8.0,0,0,25.00,5,1,2,v West Indies,Kingston,2012-07-07,ODI # 3285,Tom Latham,Left hand Bat,Wicketkeeper Batter
12.0,25,24.0,0,0,50.00,5,1,1,v West Indies,Basseterre,2012-07-11,ODI # 3288,Tom Latham,Left hand Bat,Wicketkeeper Batter
32.0,86,62.0,1,0,51.61,6,1,2,v West Indies,Basseterre,2012-07-14,ODI # 3289,Tom Latham,Left hand Bat,Wicketkeeper Batter
11.0,36,25.0,0,0,44.00,7,1,2,v West Indies,Basseterre,2012-07-16,ODI # 3290,Tom Latham,Left hand Bat,Wicketkeeper Batter
2.0,32,18.0,0,0,11.11,2,1,1,v Sri Lanka,Pallekele,2012-11-04,ODI # 3305,Tom Latham,Left hand Bat,Wicketkeeper Batter
0.0,2,1.0,0,0,0.00,7,1,2,v Bangladesh,Mirpur,2013-10-31,ODI # 3426,Tom Latham,Left hand Bat,Wicketkeeper Batter
43.0,80,73.0,0,2,58.90,2,1,1,v Bangladesh,Fatullah,2013-11-03,ODI # 3429,Tom Latham,Left hand Bat,Wicketkeeper Batter
4.0,23,16.0,0,0,25.00,2,0,2,v Sri Lanka,Hambantota,2013-11-10,ODI # 3432,Tom Latham,Left hand Bat,Wicketkeeper Batter
86.0,105,68.0,12,1,126.47,1,1,2,v Sri Lanka,Hambantota,2013-11-12,ODI # 3434,Tom Latham,Left hand Bat,Wicketkeeper Batter
9.0,24,19.0,2,0,47.36,1,1,2,v Sri Lanka,Dambulla,2013-11-16,ODI # 3435,Tom Latham,Left hand Bat,Wicketkeeper Batter
29.0,52,38.0,5,0,76.31,5,1,1,v South Africa,Mount Maunganui,2014-10-21,ODI # 3536,Tom Latham,Left hand Bat,Wicketkeeper Batter
16.0,33,28.0,2,0,57.14,4,1,2,v South Africa,Mount Maunganui,2014-10-24,ODI # 3537,Tom Latham,Left hand Bat,Wicketkeeper Batter
13.0,32,20.0,0,0,65.00,5,1,1,v Pakistan,Dubai (DSC),2014-12-08,ODI # 3564,Tom Latham,Left hand Bat,Wicketkeeper Batter
3.0,11,7.0,0,0,42.85,5,1,2,v Pakistan,Sharjah,2014-12-12,ODI # 3566,Tom Latham,Left hand Bat,Wicketkeeper Batter
34.0,68,48.0,3,0,70.83,5,1,2,v Pakistan,Sharjah,2014-12-14,ODI # 3568,Tom Latham,Left hand Bat,Wicketkeeper Batter
14.0,42,12.0,0,0,116.66,6,0,1,v Pakistan,Abu Dhabi,2014-12-17,ODI # 3570,Tom Latham,Left hand Bat,Wicketkeeper Batter
22.0,18,14.0,4,0,157.14,6,0,1,v Pakistan,Abu Dhabi,2014-12-19,ODI # 3571,Tom Latham,Left hand Bat,Wicketkeeper Batter
15.0,53,30.0,2,0,50.00,4,1,2,v Sri Lanka,Christchurch,2015-01-11,ODI # 3574,Tom Latham,Left hand Bat,Wicketkeeper Batter
5.0,24,15.0,0,0,33.33,3,1,1,v Sri Lanka,Hamilton,2015-01-15,ODI # 3577,Tom Latham,Left hand Bat,Wicketkeeper Batter
42.0,77,65.0,4,0,64.61,3,1,1,v Sri Lanka,Auckland,2015-01-17,ODI # 3580,Tom Latham,Left hand Bat,Wicketkeeper Batter
6.0,19,9.0,1,0,66.66,2,1,2,v Sri Lanka,Wellington,2015-01-29,ODI # 3594,Tom Latham,Left hand Bat,Wicketkeeper Batter
23.0,42,28.0,5,0,82.14,3,1,2,v Pakistan,Wellington,2015-01-31,ODI # 3596,Tom Latham,Left hand Bat,Wicketkeeper Batter
14.0,37,19.0,3,0,73.68,2,1,1,v Zimbabwe,Harare,2015-08-02,ODI # 3673,Tom Latham,Left hand Bat,Wicketkeeper Batter
110.0,169,116.0,7,2,94.82,2,0,2,v Zimbabwe,Harare,2015-08-04,ODI # 3674,Tom Latham,Left hand Bat,Wicketkeeper Batter
16.0,41,29.0,2,0,55.17,2,1,1,v Zimbabwe,Harare,2015-08-07,ODI # 3675,Tom Latham,Left hand Bat,Wicketkeeper Batter
60.0,134,80.0,4,1,75.00,1,1,2,v South Africa,Centurion,2015-08-19,ODI # 3676,Tom Latham,Left hand Bat,Wicketkeeper Batter
64.0,118,81.0,8,0,79.01,2,1,2,v South Africa,Potchefstroom,2015-08-23,ODI # 3677,Tom Latham,Left hand Bat,Wicketkeeper Batter
54.0,112,74.0,4,1,72.97,2,1,2,v South Africa,Durban,2015-08-26,ODI # 3678,Tom Latham,Left hand Bat,Wicketkeeper Batter
18.0,23,15.0,2,0,120.00,3,1,2,v Sri Lanka,Christchurch,2015-12-26,ODI # 3714,Tom Latham,Left hand Bat,Wicketkeeper Batter
17.0,40,20.0,2,0,85.00,2,0,2,v Sri Lanka,Christchurch,2015-12-28,ODI # 3715,Tom Latham,Left hand Bat,Wicketkeeper Batter
42.0,76,47.0,5,1,89.36,2,1,1,v Sri Lanka,Nelson,2015-12-31,ODI # 3717,Tom Latham,Left hand Bat,Wicketkeeper Batter
9.0,15,8.0,1,0,112.50,2,1,1,v Sri Lanka,Nelson,2016-01-02,ODI # 3718,Tom Latham,Left hand Bat,Wicketkeeper Batter
0.0,4,3.0,0,0,0.00,2,1,1,v Sri Lanka,Mount Maunganui,2016-01-05,ODI # 3721,Tom Latham,Left hand Bat,Wicketkeeper Batter
11.0,28,15.0,1,0,73.33,2,1,1,v Pakistan,Wellington,2016-01-25,ODI # 3728,Tom Latham,Left hand Bat,Wicketkeeper Batter
79.0,178,98.0,7,1,80.61,2,0,1,v India,Himachal Pradesh Cricket Association Stadium,2016-10-16,ODI # 3796,Tom Latham,Left hand Bat,Wicketkeeper Batter
46.0,86,46.0,6,1,100.00,2,1,1,v India,Arun Jaitley Stadium,2016-10-20,ODI # 3797,Tom Latham,Left hand Bat,Wicketkeeper Batter
61.0,131,72.0,3,1,84.72,2,1,1,v India,Mohali,2016-10-23,ODI # 3798,Tom Latham,Left hand Bat,Wicketkeeper Batter
39.0,65,40.0,4,0,97.50,2,1,1,v India,Ranchi,2016-10-26,ODI # 3799,Tom Latham,Left hand Bat,Wicketkeeper Batter
19.0,26,17.0,3,0,111.76,2,1,2,v India,Visakhapatnam,2016-10-29,ODI # 3800,Tom Latham,Left hand Bat,Wicketkeeper Batter
2.0,8,6.0,0,0,33.33,2,1,2,v Australia,SCG,2016-12-04,ODI # 3811,Tom Latham,Left hand Bat,Wicketkeeper Batter
4.0,25,12.0,0,0,33.33,2,1,2,v Australia,Manuka Oval,2016-12-06,ODI # 3812,Tom Latham,Left hand Bat,Wicketkeeper Batter
28.0,38,36.0,3,0,77.77,2,1,2,v Australia,MCG,2016-12-09,ODI # 3813,Tom Latham,Left hand Bat,Wicketkeeper Batter
137.0,218,121.0,7,4,113.22,2,1,1,v Bangladesh,Christchurch,2016-12-26,ODI # 3814,Tom Latham,Left hand Bat,Wicketkeeper Batter
22.0,-,35.0,4,0,62.85,2,1,1,v Bangladesh,Nelson,2016-12-29,ODI # 3815,Tom Latham,Left hand Bat,Wicketkeeper Batter
4.0,8,7.0,1,0,57.14,2,1,2,v Bangladesh,Nelson,2016-12-31,ODI # 3816,Tom Latham,Left hand Bat,Wicketkeeper Batter
7.0,14,9.0,1,0,77.77,2,1,1,v Australia,Auckland,2017-01-30,ODI # 3829,Tom Latham,Left hand Bat,Wicketkeeper Batter
0.0,13,8.0,0,0,0.00,2,1,1,v Australia,Hamilton,2017-02-05,ODI # 3832,Tom Latham,Left hand Bat,Wicketkeeper Batter
0.0,16,11.0,0,0,0.00,2,1,1,v South Africa,Hamilton,2017-02-19,ODI # 3836,Tom Latham,Left hand Bat,Wicketkeeper Batter
2.0,15,6.0,0,0,33.33,2,1,1,v South Africa,Christchurch,2017-02-22,ODI # 3839,Tom Latham,Left hand Bat,Wicketkeeper Batter
0.0,7,7.0,0,0,0.00,2,1,2,v South Africa,Wellington,2017-02-25,ODI # 3841,Tom Latham,Left hand Bat,Wicketkeeper Batter
15.0,-,25.0,3,0,60.00,2,1,1,v Ireland,Dublin (Malahide),2017-05-14,ODI # 3867,Tom Latham,Left hand Bat,Wicketkeeper Batter
54.0,-,64.0,3,1,84.37,1,1,2,v Bangladesh,Dublin,2017-05-17,ODI # 3868,Tom Latham,Left hand Bat,Wicketkeeper Batter
104.0,-,111.0,9,4,93.69,2,1,1,v Ireland,Dublin (Malahide),2017-05-21,ODI # 3870,Tom Latham,Left hand Bat,Wicketkeeper Batter
84.0,-,92.0,11,0,91.30,1,1,1,v Bangladesh,Dublin,2017-05-24,ODI # 3871,Tom Latham,Left hand Bat,Wicketkeeper Batter
103.0,148,102.0,8,2,100.98,5,0,2,v India,Wankhede,2017-10-22,ODI # 3928,Tom Latham,Left hand Bat,Wicketkeeper Batter
38.0,82,62.0,2,0,61.29,5,1,1,v India,Maharashtra Cricket Association Stadium,2017-10-25,ODI # 3931,Tom Latham,Left hand Bat,Wicketkeeper Batter
65.0,99,52.0,7,0,125.00,5,1,2,v India,Kanpur,2017-10-29,ODI # 3932,Tom Latham,Left hand Bat,Wicketkeeper Batter
17.0,25,19.0,1,0,89.47,5,1,2,v West Indies,Whangarei,2017-12-20,ODI # 3943,Tom Latham,Left hand Bat,Wicketkeeper Batter
20.0,36,34.0,1,0,58.82,5,1,1,v West Indies,Christchurch,2017-12-23,ODI # 3944,Tom Latham,Left hand Bat,Wicketkeeper Batter
37.0,66,42.0,5,0,88.09,5,1,1,v West Indies,Christchurch,2017-12-26,ODI # 3945,Tom Latham,Left hand Bat,Wicketkeeper Batter
3.0,8,7.0,0,0,42.85,5,1,1,v Pakistan,Wellington,2018-01-06,ODI # 3946,Tom Latham,Left hand Bat,Wicketkeeper Batter
35.0,56,35.0,3,0,100.00,5,1,1,v Pakistan,Dunedin,2018-01-13,ODI # 3949,Tom Latham,Left hand Bat,Wicketkeeper Batter
8.0,14,16.0,1,0,50.00,5,1,2,v Pakistan,Hamilton,2018-01-16,ODI # 3953,Tom Latham,Left hand Bat,Wicketkeeper Batter
2.0,7,5.0,0,0,40.00,7,1,1,v Pakistan,Wellington,2018-01-19,ODI # 3957,Tom Latham,Left hand Bat,Wicketkeeper Batter
79.0,125,84.0,6,0,94.04,5,1,2,v England,Hamilton,2018-02-25,ODI # 3980,Tom Latham,Left hand Bat,Wicketkeeper Batter
22.0,58,36.0,1,0,61.11,5,1,1,v England,Mount Maunganui,2018-02-28,ODI # 3981,Tom Latham,Left hand Bat,Wicketkeeper Batter
0.0,4,1.0,0,0,0.00,5,1,2,v England,Wellington,2018-03-03,ODI # 3982,Tom Latham,Left hand Bat,Wicketkeeper Batter
71.0,117,67.0,2,3,105.97,5,1,2,v England,Dunedin,2018-03-07,ODI # 3989,Tom Latham,Left hand Bat,Wicketkeeper Batter
10.0,28,19.0,0,0,52.63,4,1,1,v England,Christchurch,2018-03-10,ODI # 3992,Tom Latham,Left hand Bat,Wicketkeeper Batter
68.0,-,64.0,5,0,106.25,5,1,1,v Pakistan,Abu Dhabi,2018-11-07,ODI # 4066,Tom Latham,Left hand Bat,Wicketkeeper Batter
1.0,-,7.0,0,0,14.28,5,1,1,v Pakistan,Abu Dhabi,2018-11-09,ODI # 4068,Tom Latham,Left hand Bat,Wicketkeeper Batter
11.0,20,10.0,1,0,110.00,5,1,1,v India,Napier,2019-01-23,ODI # 4082,Tom Latham,Left hand Bat,Wicketkeeper Batter
34.0,39,32.0,3,1,106.25,5,1,2,v India,Mount Maunganui,2019-01-26,ODI # 4085,Tom Latham,Left hand Bat,Wicketkeeper Batter
51.0,95,64.0,1,1,79.68,5,1,1,v India,Mount Maunganui,2019-01-28,ODI # 4088,Tom Latham,Left hand Bat,Wicketkeeper Batter
37.0,74,49.0,3,0,75.51,5,1,2,v India,Wellington,2019-02-03,ODI # 4092,Tom Latham,Left hand Bat,Wicketkeeper Batter
59.0,79,51.0,2,3,115.68,5,1,1,v Bangladesh,Dunedin,2019-02-20,ODI # 4095,Tom Latham,Left hand Bat,Wicketkeeper Batter
0.0,5,4.0,0,0,0.00,5,1,2,v Bangladesh,Kennington Oval,2019-06-05,ODI # 4151,Tom Latham,Left hand Bat,Wicketkeeper Batter
13.0,27,18.0,1,0,72.22,5,0,2,v Afghanistan,The Cooper Associates County Ground,2019-06-08,ODI # 4154,Tom Latham,Left hand Bat,Wicketkeeper Batter
1.0,10,4.0,0,0,25.00,5,1,2,v South Africa,Edgbaston,2019-06-19,ODI # 4165,Tom Latham,Left hand Bat,Wicketkeeper Batter
12.0,35,16.0,0,0,75.00,5,1,1,v West Indies,Emirates Old Trafford,2019-06-22,ODI # 4170,Tom Latham,Left hand Bat,Wicketkeeper Batter
1.0,18,14.0,0,0,7.14,5,1,1,v Pakistan,Edgbaston,2019-06-26,ODI # 4174,Tom Latham,Left hand Bat,Wicketkeeper Batter
14.0,41,28.0,0,0,50.00,5,1,2,v Australia,Lord's,2019-06-29,ODI # 4178,Tom Latham,Left hand Bat,Wicketkeeper Batter
57.0,106,65.0,5,0,87.69,5,1,2,v England,Riverside Ground,2019-07-03,ODI # 4183,Tom Latham,Left hand Bat,Wicketkeeper Batter
10.0,22,11.0,0,0,90.90,7,1,1,v India,Emirates Old Trafford,2019-07-09,ODI # 4190,Tom Latham,Left hand Bat,Wicketkeeper Batter
47.0,104,56.0,2,1,83.92,5,1,1,v England,Lord's,2019-07-14,ODI # 4192,Tom Latham,Left hand Bat,Wicketkeeper Batter
69.0,69,48.0,8,2,143.75,5,1,2,v India,Hamilton,2020-02-05,ODI # 4235,Tom Latham,Left hand Bat,Wicketkeeper Batter
7.0,15,14.0,0,0,50.00,5,1,1,v India,Auckland,2020-02-08,ODI # 4239,Tom Latham,Left hand Bat,Wicketkeeper Batter
32.0,70,34.0,3,0,94.11,5,0,2,v India,Mount Maunganui,2020-02-11,ODI # 4243,Tom Latham,Left hand Bat,Wicketkeeper Batter
38.0,-,40.0,4,0,95.00,5,1,2,v Australia,SCG,2020-03-13,ODI # 4255,Tom Latham,Left hand Bat,Wicketkeeper Batter
110.0,153,108.0,10,0,101.85,5,0,2,v Bangladesh,Christchurch,2021-03-23,ODI # 4280,Tom Latham,Left hand Bat,Wicketkeeper Batter
18.0,48,33.0,1,0,54.54,5,1,1,v Bangladesh,Wellington,2021-03-26,ODI # 4282,Tom Latham,Left hand Bat,Wicketkeeper Batter
8.0,13,11.0,0,0,72.72,5,0,2,v Netherlands,Mount Maunganui,2022-03-29,ODI # 4378,Tom Latham,Left hand Bat,Wicketkeeper Batter
140.0,187,123.0,10,5,113.82,5,0,1,v Netherlands,Hamilton,2022-04-02,ODI # 4381,Tom Latham,Left hand Bat,Wicketkeeper Batter
23.0,25,17.0,3,0,135.29,8,1,1,v Netherlands,Hamilton,2022-04-04,ODI # 4383,Tom Latham,Left hand Bat,Wicketkeeper Batter
23.0,31,25.0,3,0,92.00,4,1,2,v Ireland,Dublin (Malahide),2022-07-10,ODI # 4419,Tom Latham,Left hand Bat,Wicketkeeper Batter
55.0,125,73.0,5,1,75.34,4,1,2,v Ireland,Dublin (Malahide),2022-07-12,ODI # 4423,Tom Latham,Left hand Bat,Wicketkeeper Batter
30.0,44,26.0,3,1,115.38,4,1,1,v Ireland,Dublin (Malahide),2022-07-15,ODI # 4429,Tom Latham,Left hand Bat,Wicketkeeper Batter
12.0,-,19.0,1,0,63.15,5,1,1,v West Indies,Bridgetown,2022-08-17,ODI # 4450,Tom Latham,Left hand Bat,Wicketkeeper Batter
0.0,7,3.0,0,0,0.00,4,1,1,v West Indies,Bridgetown,2022-08-19,ODI # 4453,Tom Latham,Left hand Bat,Wicketkeeper Batter
69.0,128,75.0,6,0,92.00,4,1,2,v West Indies,Bridgetown,2022-08-21,ODI # 4456,Tom Latham,Left hand Bat,Wicketkeeper Batter
43.0,86,57.0,2,1,75.43,4,1,1,v Australia,Cairns,2022-09-06,ODI # 4461,Tom Latham,Left hand Bat,Wicketkeeper Batter
0.0,4,3.0,0,0,0.00,4,1,2,v Australia,Cairns,2022-09-08,ODI # 4462,Tom Latham,Left hand Bat,Wicketkeeper Batter
10.0,28,15.0,0,0,66.66,4,1,2,v Australia,Cairns,2022-09-11,ODI # 4464,Tom Latham,Left hand Bat,Wicketkeeper Batter
145.0,130,104.0,19,5,139.42,5,0,2,v India,Auckland,2022-11-25,ODI # 4483,Tom Latham,Left hand Bat,Wicketkeeper Batter
42.0,67,52.0,3,0,80.76,5,1,1,v Pakistan,Karachi,2023-01-09,ODI # 4500,Tom Latham,Left hand Bat,Wicketkeeper Batter
2.0,7,3.0,0,0,66.66,5,1,1,v Pakistan,Karachi,2023-01-11,ODI # 4502,Tom Latham,Left hand Bat,Wicketkeeper Batter
16.0,30,22.0,1,0,72.72,5,1,2,v Pakistan,Karachi,2023-01-13,ODI # 4504,Tom Latham,Left hand Bat,Wicketkeeper Batter
24.0,56,46.0,3,0,52.17,5,1,2,v India,Rajiv Gandhi International Cricket Stadium,2023-01-18,ODI # 4507,Tom Latham,Left hand Bat,Wicketkeeper Batter
1.0,22,17.0,0,0,5.88,5,1,1,v India,Raipur,2023-01-21,ODI # 4509,Tom Latham,Left hand Bat,Wicketkeeper Batter
0.0,2,1.0,0,0,0.00,5,1,2,v India,Indore,2023-01-24,ODI # 4511,Tom Latham,Left hand Bat,Wicketkeeper Batter
5.0,35,17.0,0,0,29.41,5,1,1,v Sri Lanka,Auckland,2023-03-25,ODI # 4548,Tom Latham,Left hand Bat,Wicketkeeper Batter
8.0,38,16.0,0,0,50.00,5,1,2,v Sri Lanka,Hamilton,2023-03-31,ODI # 4557,Tom Latham,Left hand Bat,Wicketkeeper Batter
20.0,62,36.0,0,0,55.55,4,1,1,v Pakistan,Rawalpindi,2023-04-27,ODI # 4569,Tom Latham,Left hand Bat,Wicketkeeper Batter
98.0,122,85.0,8,1,115.29,4,1,1,v Pakistan,Rawalpindi,2023-04-29,ODI # 4571,Tom Latham,Left hand Bat,Wicketkeeper Batter
45.0,81,60.0,3,0,75.00,4,1,2,v Pakistan,Karachi,2023-05-03,ODI # 4573,Tom Latham,Left hand Bat,Wicketkeeper Batter
60.0,96,76.0,5,0,78.94,4,1,2,v Pakistan,Karachi,2023-05-05,ODI # 4574,Tom Latham,Left hand Bat,Wicketkeeper Batter
59.0,101,58.0,5,0,101.72,4,1,1,v Pakistan,Karachi,2023-05-07,ODI # 4575,Tom Latham,Left hand Bat,Wicketkeeper Batter
12.0,13,3.0,1,1,400.00,10,0,1,v Sri Lanka,Hambantota,2012-11-10,ODI # 3307,Adam Milne,Right hand Bat,Bowler
7.0,10,11.0,1,0,63.63,9,0,2,v Sri Lanka,Christchurch,2015-01-11,ODI # 3574,Adam Milne,Right hand Bat,Bowler
19.0,30,27.0,0,0,70.37,9,1,1,v Sri Lanka,Hamilton,2015-01-15,ODI # 3577,Adam Milne,Right hand Bat,Bowler
1.0,6,3.0,0,0,33.33,9,0,2,v Scotland,Dunedin,2015-02-17,ODI # 3604,Adam Milne,Right hand Bat,Bowler
0.0,-,2.0,0,0,0.00,9,1,2,v Australia,Auckland,2015-02-28,ODI # 3617,Adam Milne,Right hand Bat,Bowler
15.0,22,12.0,1,0,125.00,9,0,2,v South Africa,Centurion,2015-08-19,ODI # 3676,Adam Milne,Right hand Bat,Bowler
4.0,15,9.0,0,0,44.44,9,1,2,v South Africa,Durban,2015-08-26,ODI # 3678,Adam Milne,Right hand Bat,Bowler
17.0,37,23.0,0,1,73.91,9,0,1,v Sri Lanka,Nelson,2015-12-31,ODI # 3717,Adam Milne,Right hand Bat,Bowler
0.0,7,1.0,0,0,0.00,9,0,2,v Pakistan,Auckland,2016-01-31,ODI # 3730,Adam Milne,Right hand Bat,Bowler
14.0,12,10.0,1,1,140.00,9,1,1,v Australia,Auckland,2016-02-03,ODI # 3731,Adam Milne,Right hand Bat,Bowler
36.0,32,27.0,2,1,133.33,9,1,1,v Australia,Wellington,2016-02-06,ODI # 3733,Adam Milne,Right hand Bat,Bowler
5.0,7,4.0,1,0,125.00,9,1,1,v Australia,Hamilton,2016-02-08,ODI # 3735,Adam Milne,Right hand Bat,Bowler
10.0,-,6.0,1,0,166.66,8,0,1,v Ireland,Dublin (Malahide),2017-05-21,ODI # 3870,Adam Milne,Right hand Bat,Bowler
11.0,3,7.0,2,0,157.14,9,1,1,v Australia,Edgbaston,2017-06-02,ODI # 3876,Adam Milne,Right hand Bat,Bowler
10.0,16,11.0,1,0,90.90,9,1,2,v England,Sophia Gardens,2017-06-06,ODI # 3880,Adam Milne,Right hand Bat,Bowler
7.0,14,8.0,0,0,87.50,9,1,1,v Bangladesh,Sophia Gardens,2017-06-09,ODI # 3883,Adam Milne,Right hand Bat,Bowler
0.0,1,1.0,0,0,0.00,9,1,1,v India,Maharashtra Cricket Association Stadium,2017-10-25,ODI # 3931,Adam Milne,Right hand Bat,Bowler
0.0,2,1.0,0,0,0.00,8,1,1,v Pakistan,Rawalpindi,2023-04-27,ODI # 4569,Adam Milne,Right hand Bat,Bowler
3.0,15,9.0,0,0,33.33,8,1,2,v Pakistan,Karachi,2023-05-03,ODI # 4573,Adam Milne,Right hand Bat,Bowler
4.0,12,9.0,0,0,44.44,8,1,1,v Pakistan,Karachi,2023-05-07,ODI # 4575,Adam Milne,Right hand Bat,Bowler
12.0,16,6.0,2,0,200.00,7,0,2,v Bangladesh,Christchurch,2021-03-23,ODI # 4280,Daryl Mitchell,Right hand Bat,Batting Allrounder
100.0,122,92.0,9,2,108.69,6,0,1,v Bangladesh,Wellington,2021-03-26,ODI # 4282,Daryl Mitchell,Right hand Bat,Batting Allrounder
74.0,100,62.0,8,1,119.35,5,0,2,v Scotland,Edinburgh,2022-07-31,ODI # 4440,Daryl Mitchell,Right hand Bat,Batting Allrounder
20.0,-,32.0,3,0,62.50,6,1,1,v West Indies,Bridgetown,2022-08-17,ODI # 4450,Daryl Mitchell,Right hand Bat,Batting Allrounder
41.0,83,63.0,2,2,65.07,5,1,1,v West Indies,Bridgetown,2022-08-19,ODI # 4453,Daryl Mitchell,Right hand Bat,Batting Allrounder
63.0,93,49.0,6,1,128.57,5,1,2,v West Indies,Bridgetown,2022-08-21,ODI # 4456,Daryl Mitchell,Right hand Bat,Batting Allrounder
26.0,46,33.0,2,0,78.78,5,1,1,v Australia,Cairns,2022-09-06,ODI # 4461,Daryl Mitchell,Right hand Bat,Batting Allrounder
10.0,57,31.0,1,0,32.25,5,1,2,v Australia,Cairns,2022-09-08,ODI # 4462,Daryl Mitchell,Right hand Bat,Batting Allrounder
16.0,29,23.0,2,0,69.56,5,1,2,v Australia,Cairns,2022-09-11,ODI # 4464,Daryl Mitchell,Right hand Bat,Batting Allrounder
11.0,20,16.0,0,1,68.75,4,1,2,v India,Auckland,2022-11-25,ODI # 4483,Daryl Mitchell,Right hand Bat,Batting Allrounder
36.0,76,55.0,1,0,65.45,4,1,1,v Pakistan,Karachi,2023-01-09,ODI # 4500,Daryl Mitchell,Right hand Bat,Batting Allrounder
5.0,16,7.0,1,0,71.42,4,1,1,v Pakistan,Karachi,2023-01-11,ODI # 4502,Daryl Mitchell,Right hand Bat,Batting Allrounder
31.0,47,36.0,1,1,86.11,4,1,2,v Pakistan,Karachi,2023-01-13,ODI # 4504,Daryl Mitchell,Right hand Bat,Batting Allrounder
9.0,24,12.0,0,0,75.00,4,1,2,v India,Rajiv Gandhi International Cricket Stadium,2023-01-18,ODI # 4507,Daryl Mitchell,Right hand Bat,Batting Allrounder
1.0,5,3.0,0,0,33.33,4,1,1,v India,Raipur,2023-01-21,ODI # 4509,Daryl Mitchell,Right hand Bat,Batting Allrounder
24.0,47,31.0,2,0,77.41,4,1,2,v India,Indore,2023-01-24,ODI # 4511,Daryl Mitchell,Right hand Bat,Batting Allrounder
47.0,81,58.0,3,2,81.03,4,1,1,v Sri Lanka,Auckland,2023-03-25,ODI # 4548,Daryl Mitchell,Right hand Bat,Batting Allrounder
6.0,19,8.0,1,0,75.00,4,1,2,v Sri Lanka,Hamilton,2023-03-31,ODI # 4557,Daryl Mitchell,Right hand Bat,Batting Allrounder
113.0,162,115.0,11,1,98.26,3,1,1,v Pakistan,Rawalpindi,2023-04-27,ODI # 4569,Daryl Mitchell,Right hand Bat,Batting Allrounder
129.0,178,119.0,8,3,108.40,3,1,1,v Pakistan,Rawalpindi,2023-04-29,ODI # 4571,Daryl Mitchell,Right hand Bat,Batting Allrounder
21.0,29,24.0,2,0,87.50,3,1,2,v Pakistan,Karachi,2023-05-03,ODI # 4573,Daryl Mitchell,Right hand Bat,Batting Allrounder
34.0,76,48.0,1,0,70.83,3,1,2,v Pakistan,Karachi,2023-05-05,ODI # 4574,Daryl Mitchell,Right hand Bat,Batting Allrounder
23.0,14,21.0,5,0,109.52,5,0,2,v Sri Lanka,Christchurch,2015-12-26,ODI # 3714,Henry Nicholls,Left hand Bat,Top order Batter
20.0,35,31.0,1,0,64.51,5,1,1,v Sri Lanka,Nelson,2015-12-31,ODI # 3717,Henry Nicholls,Left hand Bat,Top order Batter
4.0,10,7.0,0,0,57.14,5,0,1,v Sri Lanka,Nelson,2016-01-02,ODI # 3718,Henry Nicholls,Left hand Bat,Top order Batter
2.0,13,7.0,0,0,28.57,5,1,1,v Sri Lanka,Mount Maunganui,2016-01-05,ODI # 3721,Henry Nicholls,Left hand Bat,Top order Batter
82.0,172,111.0,7,0,73.87,4,1,1,v Pakistan,Wellington,2016-01-25,ODI # 3728,Henry Nicholls,Left hand Bat,Top order Batter
5.0,23,13.0,0,0,38.46,4,1,2,v Pakistan,Auckland,2016-01-31,ODI # 3730,Henry Nicholls,Left hand Bat,Top order Batter
61.0,102,67.0,6,1,91.04,4,1,1,v Australia,Auckland,2016-02-03,ODI # 3731,Henry Nicholls,Left hand Bat,Top order Batter
4.0,9,5.0,0,0,80.00,4,1,1,v Australia,Wellington,2016-02-06,ODI # 3733,Henry Nicholls,Left hand Bat,Top order Batter
18.0,36,29.0,1,0,62.06,4,1,1,v Australia,Hamilton,2016-02-08,ODI # 3735,Henry Nicholls,Left hand Bat,Top order Batter
3.0,16,11.0,0,0,27.27,4,1,2,v Australia,MCG,2016-12-09,ODI # 3813,Henry Nicholls,Left hand Bat,Top order Batter
4.0,1,1.0,1,0,400.00,6,0,2,v India,Wankhede,2017-10-22,ODI # 3928,Henry Nicholls,Left hand Bat,Top order Batter
42.0,78,62.0,3,0,67.74,6,1,1,v India,Maharashtra Cricket Association Stadium,2017-10-25,ODI # 3931,Henry Nicholls,Left hand Bat,Top order Batter
37.0,33,24.0,5,1,154.16,6,1,2,v India,Kanpur,2017-10-29,ODI # 3932,Henry Nicholls,Left hand Bat,Top order Batter
17.0,25,21.0,1,0,80.95,6,1,2,v West Indies,Whangarei,2017-12-20,ODI # 3943,Henry Nicholls,Left hand Bat,Top order Batter
83.0,94,62.0,7,2,133.87,6,0,1,v West Indies,Christchurch,2017-12-23,ODI # 3944,Henry Nicholls,Left hand Bat,Top order Batter
18.0,12,9.0,3,0,200.00,6,0,1,v West Indies,Christchurch,2017-12-26,ODI # 3945,Henry Nicholls,Left hand Bat,Top order Batter
50.0,64,43.0,4,0,116.27,6,1,1,v Pakistan,Wellington,2018-01-06,ODI # 3946,Henry Nicholls,Left hand Bat,Top order Batter
0.0,1,1.0,0,0,0.00,6,1,1,v Pakistan,Dunedin,2018-01-13,ODI # 3949,Henry Nicholls,Left hand Bat,Top order Batter
52.0,103,70.0,3,0,74.28,6,0,2,v Pakistan,Hamilton,2018-01-16,ODI # 3953,Henry Nicholls,Left hand Bat,Top order Batter
1.0,4,3.0,0,0,33.33,6,1,1,v Pakistan,Wellington,2018-01-19,ODI # 3957,Henry Nicholls,Left hand Bat,Top order Batter
0.0,3,2.0,0,0,0.00,6,1,2,v England,Hamilton,2018-02-25,ODI # 3980,Henry Nicholls,Left hand Bat,Top order Batter
1.0,5,3.0,0,0,33.33,6,1,1,v England,Mount Maunganui,2018-02-28,ODI # 3981,Henry Nicholls,Left hand Bat,Top order Batter
0.0,5,3.0,0,0,0.00,6,1,2,v England,Wellington,2018-03-03,ODI # 3982,Henry Nicholls,Left hand Bat,Top order Batter
13.0,23,12.0,0,1,108.33,7,0,2,v England,Dunedin,2018-03-07,ODI # 3989,Henry Nicholls,Left hand Bat,Top order Batter
55.0,96,81.0,1,1,67.90,6,1,1,v England,Christchurch,2018-03-10,ODI # 3992,Henry Nicholls,Left hand Bat,Top order Batter
0.0,-,1.0,0,0,0.00,6,1,1,v Pakistan,Abu Dhabi,2018-11-07,ODI # 4066,Henry Nicholls,Left hand Bat,Top order Batter
33.0,-,63.0,1,0,52.38,6,1,1,v Pakistan,Abu Dhabi,2018-11-09,ODI # 4068,Henry Nicholls,Left hand Bat,Top order Batter
15.0,-,20.0,1,0,75.00,3,0,2,v Pakistan,Dubai (DSC),2018-11-11,ODI # 4070,Henry Nicholls,Left hand Bat,Top order Batter
15.0,-,12.0,1,0,125.00,5,1,1,v Sri Lanka,Mount Maunganui,2019-01-03,ODI # 4074,Henry Nicholls,Left hand Bat,Top order Batter
32.0,-,38.0,3,0,84.21,5,1,1,v Sri Lanka,Mount Maunganui,2019-01-05,ODI # 4075,Henry Nicholls,Left hand Bat,Top order Batter
124.0,-,80.0,12,3,155.00,5,0,1,v Sri Lanka,Nelson,2019-01-08,ODI # 4076,Henry Nicholls,Left hand Bat,Top order Batter
12.0,19,17.0,1,0,70.58,6,1,1,v India,Napier,2019-01-23,ODI # 4082,Henry Nicholls,Left hand Bat,Top order Batter
28.0,47,38.0,2,0,73.68,6,1,2,v India,Mount Maunganui,2019-01-26,ODI # 4085,Henry Nicholls,Left hand Bat,Top order Batter
6.0,11,8.0,0,0,75.00,6,1,1,v India,Mount Maunganui,2019-01-28,ODI # 4088,Henry Nicholls,Left hand Bat,Top order Batter
30.0,62,42.0,4,1,71.42,2,0,2,v India,Hamilton,2019-01-31,ODI # 4091,Henry Nicholls,Left hand Bat,Top order Batter
8.0,14,15.0,1,0,53.33,2,1,2,v India,Wellington,2019-02-03,ODI # 4092,Henry Nicholls,Left hand Bat,Top order Batter
53.0,94,80.0,5,0,66.25,2,1,2,v Bangladesh,Napier,2019-02-13,ODI # 4093,Henry Nicholls,Left hand Bat,Top order Batter
14.0,31,23.0,2,0,60.86,2,1,2,v Bangladesh,Christchurch,2019-02-16,ODI # 4094,Henry Nicholls,Left hand Bat,Top order Batter
64.0,102,74.0,7,0,86.48,3,1,1,v Bangladesh,Dunedin,2019-02-20,ODI # 4095,Henry Nicholls,Left hand Bat,Top order Batter
8.0,43,20.0,2,0,40.00,2,1,2,v Australia,Lord's,2019-06-29,ODI # 4178,Henry Nicholls,Left hand Bat,Top order Batter
0.0,6,1.0,0,0,0.00,2,1,2,v England,Riverside Ground,2019-07-03,ODI # 4183,Henry Nicholls,Left hand Bat,Top order Batter
28.0,87,51.0,2,0,54.90,2,1,1,v India,Emirates Old Trafford,2019-07-09,ODI # 4190,Henry Nicholls,Left hand Bat,Top order Batter
55.0,123,77.0,4,0,71.42,2,1,1,v England,Lord's,2019-07-14,ODI # 4192,Henry Nicholls,Left hand Bat,Top order Batter
78.0,128,82.0,11,0,95.12,2,1,2,v India,Hamilton,2020-02-05,ODI # 4235,Henry Nicholls,Left hand Bat,Top order Batter
41.0,77,59.0,5,0,69.49,2,1,1,v India,Auckland,2020-02-08,ODI # 4239,Henry Nicholls,Left hand Bat,Top order Batter
80.0,137,103.0,9,0,77.66,2,1,2,v India,Mount Maunganui,2020-02-11,ODI # 4243,Henry Nicholls,Left hand Bat,Top order Batter
10.0,-,22.0,1,0,45.45,2,1,2,v Australia,SCG,2020-03-13,ODI # 4255,Henry Nicholls,Left hand Bat,Top order Batter
49.0,96,53.0,6,0,92.45,2,0,2,v Bangladesh,Dunedin,2021-03-20,ODI # 4279,Henry Nicholls,Left hand Bat,Top order Batter
13.0,38,18.0,1,0,72.22,2,1,2,v Bangladesh,Christchurch,2021-03-23,ODI # 4280,Henry Nicholls,Left hand Bat,Top order Batter
18.0,37,21.0,2,0,85.71,2,1,1,v Bangladesh,Wellington,2021-03-26,ODI # 4282,Henry Nicholls,Left hand Bat,Top order Batter
57.0,130,79.0,3,1,72.15,2,1,2,v Netherlands,Mount Maunganui,2022-03-29,ODI # 4378,Henry Nicholls,Left hand Bat,Top order Batter
19.0,37,29.0,4,0,65.51,2,1,1,v Netherlands,Hamilton,2022-04-02,ODI # 4381,Henry Nicholls,Left hand Bat,Top order Batter
2.0,21,12.0,0,0,16.66,2,1,1,v Netherlands,Hamilton,2022-04-04,ODI # 4383,Henry Nicholls,Left hand Bat,Top order Batter
7.0,20,10.0,1,0,70.00,5,1,2,v Ireland,Dublin (Malahide),2022-07-10,ODI # 4419,Henry Nicholls,Left hand Bat,Top order Batter
17.0,27,27.0,1,0,62.96,5,1,2,v Ireland,Dublin (Malahide),2022-07-12,ODI # 4423,Henry Nicholls,Left hand Bat,Top order Batter
79.0,84,54.0,7,3,146.29,5,1,1,v Ireland,Dublin (Malahide),2022-07-15,ODI # 4429,Henry Nicholls,Left hand Bat,Top order Batter
18.0,50,31.0,3,0,58.06,3,1,2,v India,Rajiv Gandhi International Cricket Stadium,2023-01-18,ODI # 4507,Henry Nicholls,Left hand Bat,Top order Batter
2.0,25,20.0,0,0,10.00,3,1,1,v India,Raipur,2023-01-21,ODI # 4509,Henry Nicholls,Left hand Bat,Top order Batter
42.0,62,40.0,3,2,105.00,3,1,2,v India,Indore,2023-01-24,ODI # 4511,Henry Nicholls,Left hand Bat,Top order Batter
44.0,84,52.0,5,0,84.61,6,0,2,v Sri Lanka,Hamilton,2023-03-31,ODI # 4557,Henry Nicholls,Left hand Bat,Top order Batter
20.0,36,21.0,1,0,95.23,6,0,1,v Pakistan,Rawalpindi,2023-04-27,ODI # 4569,Henry Nicholls,Left hand Bat,Top order Batter
6.0,7,5.0,0,0,120.00,7,0,1,v Pakistan,Rawalpindi,2023-04-29,ODI # 4571,Henry Nicholls,Left hand Bat,Top order Batter
1.0,8,5.0,0,0,20.00,6,1,2,v Pakistan,Karachi,2023-05-03,ODI # 4573,Henry Nicholls,Left hand Bat,Top order Batter
23.0,45,30.0,2,0,76.66,3,1,1,v Pakistan,Karachi,2023-05-07,ODI # 4575,Henry Nicholls,Left hand Bat,Top order Batter
38.0,55,53.0,3,1,71.69,6,1,2,v Ireland,Dublin (Malahide),2022-07-10,ODI # 4419,Glenn Phillips,Right hand Bat,Wicketkeeper Batter
16.0,12,16.0,2,1,100.00,6,1,2,v Ireland,Dublin (Malahide),2022-07-12,ODI # 4423,Glenn Phillips,Right hand Bat,Wicketkeeper Batter
47.0,48,30.0,5,2,156.66,6,1,1,v Ireland,Dublin (Malahide),2022-07-15,ODI # 4429,Glenn Phillips,Right hand Bat,Wicketkeeper Batter
9.0,17,11.0,1,0,81.81,7,1,1,v West Indies,Bridgetown,2022-08-19,ODI # 4453,Glenn Phillips,Right hand Bat,Wicketkeeper Batter
47.0,102,53.0,2,2,88.67,6,1,2,v Australia,Cairns,2022-09-11,ODI # 4464,Glenn Phillips,Right hand Bat,Wicketkeeper Batter
37.0,78,53.0,1,1,69.81,6,1,1,v Pakistan,Karachi,2023-01-09,ODI # 4500,Glenn Phillips,Right hand Bat,Wicketkeeper Batter
3.0,21,8.0,0,0,37.50,6,1,1,v Pakistan,Karachi,2023-01-11,ODI # 4502,Glenn Phillips,Right hand Bat,Wicketkeeper Batter
63.0,63,42.0,4,4,150.00,7,0,2,v Pakistan,Karachi,2023-01-13,ODI # 4504,Glenn Phillips,Right hand Bat,Wicketkeeper Batter
11.0,27,20.0,0,1,55.00,6,1,2,v India,Rajiv Gandhi International Cricket Stadium,2023-01-18,ODI # 4507,Glenn Phillips,Right hand Bat,Wicketkeeper Batter
36.0,95,52.0,5,0,69.23,6,1,1,v India,Raipur,2023-01-21,ODI # 4509,Glenn Phillips,Right hand Bat,Wicketkeeper Batter
5.0,12,7.0,0,0,71.42,6,1,2,v India,Indore,2023-01-24,ODI # 4511,Glenn Phillips,Right hand Bat,Wicketkeeper Batter
39.0,59,42.0,3,2,92.85,6,1,1,v Sri Lanka,Auckland,2023-03-25,ODI # 4548,Glenn Phillips,Right hand Bat,Wicketkeeper Batter
15.0,24,23.0,2,0,65.21,6,1,2,v England,Edgbaston,2015-06-09,ODI # 3654,Mitchell Santner,Left hand Bat,Bowling Allrounder
15.0,23,11.0,2,0,136.36,7,0,1,v England,Kennington Oval,2015-06-12,ODI # 3655,Mitchell Santner,Left hand Bat,Bowling Allrounder
21.0,21,16.0,3,0,131.25,6,1,2,v England,The Rose Bowl,2015-06-14,ODI # 3656,Mitchell Santner,Left hand Bat,Bowling Allrounder
44.0,20,19.0,3,4,231.57,7,1,1,v England,Trent Bridge,2015-06-17,ODI # 3657,Mitchell Santner,Left hand Bat,Bowling Allrounder
2.0,10,6.0,0,0,33.33,5,1,1,v England,Riverside Ground,2015-06-20,ODI # 3659,Mitchell Santner,Left hand Bat,Bowling Allrounder
38.0,63,46.0,2,1,82.60,6,1,1,v Sri Lanka,Nelson,2015-12-31,ODI # 3717,Mitchell Santner,Left hand Bat,Bowling Allrounder
21.0,15,11.0,0,2,190.90,7,0,1,v Sri Lanka,Mount Maunganui,2016-01-05,ODI # 3721,Mitchell Santner,Left hand Bat,Bowling Allrounder
48.0,62,63.0,5,0,76.19,8,1,1,v Pakistan,Wellington,2016-01-25,ODI # 3728,Mitchell Santner,Left hand Bat,Bowling Allrounder
10.0,11,7.0,2,0,142.85,8,0,2,v Pakistan,Auckland,2016-01-31,ODI # 3730,Mitchell Santner,Left hand Bat,Bowling Allrounder
35.0,54,39.0,1,2,89.74,8,0,1,v Australia,Auckland,2016-02-03,ODI # 3731,Mitchell Santner,Left hand Bat,Bowling Allrounder
45.0,61,39.0,3,1,115.38,8,0,1,v Australia,Wellington,2016-02-06,ODI # 3733,Mitchell Santner,Left hand Bat,Bowling Allrounder
0.0,2,1.0,0,0,0.00,8,1,1,v India,Himachal Pradesh Cricket Association Stadium,2016-10-16,ODI # 3796,Mitchell Santner,Left hand Bat,Bowling Allrounder
9.0,36,16.0,0,0,56.25,7,0,1,v India,Arun Jaitley Stadium,2016-10-20,ODI # 3797,Mitchell Santner,Left hand Bat,Bowling Allrounder
7.0,13,13.0,0,0,53.84,8,1,1,v India,Mohali,2016-10-23,ODI # 3798,Mitchell Santner,Left hand Bat,Bowling Allrounder
17.0,22,13.0,1,0,130.76,8,0,1,v India,Ranchi,2016-10-26,ODI # 3799,Mitchell Santner,Left hand Bat,Bowling Allrounder
4.0,18,10.0,0,0,40.00,8,1,2,v India,Visakhapatnam,2016-10-29,ODI # 3800,Mitchell Santner,Left hand Bat,Bowling Allrounder
0.0,8,7.0,0,0,0.00,7,1,2,v Australia,SCG,2016-12-04,ODI # 3811,Mitchell Santner,Left hand Bat,Bowling Allrounder
2.0,12,5.0,0,0,40.00,7,1,2,v Australia,Manuka Oval,2016-12-06,ODI # 3812,Mitchell Santner,Left hand Bat,Bowling Allrounder
15.0,25,21.0,3,0,71.42,8,1,2,v Australia,MCG,2016-12-09,ODI # 3813,Mitchell Santner,Left hand Bat,Bowling Allrounder
8.0,13,7.0,0,0,114.28,8,0,1,v Bangladesh,Christchurch,2016-12-26,ODI # 3814,Mitchell Santner,Left hand Bat,Bowling Allrounder
9.0,-,17.0,0,0,52.94,8,1,1,v Bangladesh,Nelson,2016-12-29,ODI # 3815,Mitchell Santner,Left hand Bat,Bowling Allrounder
7.0,34,19.0,0,0,36.84,8,1,1,v Australia,Auckland,2017-01-30,ODI # 3829,Mitchell Santner,Left hand Bat,Bowling Allrounder
38.0,48,34.0,3,2,111.76,8,0,1,v Australia,Hamilton,2017-02-05,ODI # 3832,Mitchell Santner,Left hand Bat,Bowling Allrounder
17.0,27,27.0,2,0,62.96,7,1,1,v South Africa,Hamilton,2017-02-19,ODI # 3836,Mitchell Santner,Left hand Bat,Bowling Allrounder
1.0,11,8.0,0,0,12.50,7,1,2,v South Africa,Wellington,2017-02-25,ODI # 3841,Mitchell Santner,Left hand Bat,Bowling Allrounder
24.0,63,50.0,3,0,48.00,7,1,1,v South Africa,Auckland,2017-03-04,ODI # 3846,Mitchell Santner,Left hand Bat,Bowling Allrounder
1.0,-,1.0,0,0,100.00,9,0,1,v Ireland,Dublin (Malahide),2017-05-14,ODI # 3867,Mitchell Santner,Left hand Bat,Bowling Allrounder
5.0,-,3.0,1,0,166.66,8,0,2,v Bangladesh,Dublin,2017-05-17,ODI # 3868,Mitchell Santner,Left hand Bat,Bowling Allrounder
20.0,-,9.0,2,1,222.22,6,0,1,v Ireland,Dublin (Malahide),2017-05-21,ODI # 3870,Mitchell Santner,Left hand Bat,Bowling Allrounder
0.0,-,6.0,0,0,0.00,7,1,1,v Bangladesh,Dublin,2017-05-24,ODI # 3871,Mitchell Santner,Left hand Bat,Bowling Allrounder
8.0,11,7.0,1,0,114.28,8,1,1,v Australia,Edgbaston,2017-06-02,ODI # 3876,Mitchell Santner,Left hand Bat,Bowling Allrounder
3.0,14,9.0,0,0,33.33,8,1,2,v England,Sophia Gardens,2017-06-06,ODI # 3880,Mitchell Santner,Left hand Bat,Bowling Allrounder
14.0,34,18.0,0,0,77.77,8,0,1,v Bangladesh,Sophia Gardens,2017-06-09,ODI # 3883,Mitchell Santner,Left hand Bat,Bowling Allrounder
29.0,46,38.0,2,1,76.31,8,1,1,v India,Maharashtra Cricket Association Stadium,2017-10-25,ODI # 3931,Mitchell Santner,Left hand Bat,Bowling Allrounder
9.0,12,5.0,0,1,180.00,8,1,2,v India,Kanpur,2017-10-29,ODI # 3932,Mitchell Santner,Left hand Bat,Bowling Allrounder
7.0,12,5.0,1,0,140.00,7,1,1,v Pakistan,Wellington,2018-01-06,ODI # 3946,Mitchell Santner,Left hand Bat,Bowling Allrounder
6.0,12,12.0,0,0,50.00,7,1,1,v Pakistan,Dunedin,2018-01-13,ODI # 3949,Mitchell Santner,Left hand Bat,Bowling Allrounder
1.0,2,1.0,0,0,100.00,8,1,1,v Pakistan,Wellington,2018-01-19,ODI # 3957,Mitchell Santner,Left hand Bat,Bowling Allrounder
45.0,43,27.0,2,4,166.66,8,0,2,v England,Hamilton,2018-02-25,ODI # 3980,Mitchell Santner,Left hand Bat,Bowling Allrounder
63.0,87,52.0,6,1,121.15,8,0,1,v England,Mount Maunganui,2018-02-28,ODI # 3981,Mitchell Santner,Left hand Bat,Bowling Allrounder
41.0,84,54.0,3,0,75.92,8,1,2,v England,Wellington,2018-03-03,ODI # 3982,Mitchell Santner,Left hand Bat,Bowling Allrounder
67.0,90,71.0,4,2,94.36,8,1,1,v England,Christchurch,2018-03-10,ODI # 3992,Mitchell Santner,Left hand Bat,Bowling Allrounder
14.0,24,21.0,1,1,66.66,7,1,1,v India,Napier,2019-01-23,ODI # 4082,Mitchell Santner,Left hand Bat,Bowling Allrounder
3.0,10,9.0,0,0,33.33,7,1,1,v India,Mount Maunganui,2019-01-28,ODI # 4088,Mitchell Santner,Left hand Bat,Bowling Allrounder
22.0,62,37.0,0,0,59.45,8,1,2,v India,Wellington,2019-02-03,ODI # 4092,Mitchell Santner,Left hand Bat,Bowling Allrounder
16.0,15,9.0,0,1,177.77,8,0,1,v Bangladesh,Dunedin,2019-02-20,ODI # 4095,Mitchell Santner,Left hand Bat,Bowling Allrounder
17.0,26,12.0,2,0,141.66,8,0,2,v Bangladesh,Kennington Oval,2019-06-05,ODI # 4151,Mitchell Santner,Left hand Bat,Bowling Allrounder
2.0,14,3.0,0,0,66.66,8,0,2,v South Africa,Edgbaston,2019-06-19,ODI # 4165,Mitchell Santner,Left hand Bat,Bowling Allrounder
10.0,8,5.0,0,1,200.00,8,1,1,v West Indies,Emirates Old Trafford,2019-06-22,ODI # 4170,Mitchell Santner,Left hand Bat,Bowling Allrounder
5.0,12,5.0,0,0,100.00,8,0,1,v Pakistan,Edgbaston,2019-06-26,ODI # 4174,Mitchell Santner,Left hand Bat,Bowling Allrounder
12.0,42,29.0,0,1,41.37,8,1,2,v Australia,Lord's,2019-06-29,ODI # 4178,Mitchell Santner,Left hand Bat,Bowling Allrounder
12.0,58,30.0,1,0,40.00,8,1,2,v England,Riverside Ground,2019-07-03,ODI # 4183,Mitchell Santner,Left hand Bat,Bowling Allrounder
9.0,13,6.0,1,0,150.00,8,0,1,v India,Emirates Old Trafford,2019-07-09,ODI # 4190,Mitchell Santner,Left hand Bat,Bowling Allrounder
5.0,19,9.0,0,0,55.55,8,0,1,v England,Lord's,2019-07-14,ODI # 4192,Mitchell Santner,Left hand Bat,Bowling Allrounder
12.0,9,9.0,1,1,133.33,8,0,2,v India,Hamilton,2020-02-05,ODI # 4235,Mitchell Santner,Left hand Bat,Bowling Allrounder
14.0,-,16.0,1,0,87.50,8,1,2,v Australia,SCG,2020-03-13,ODI # 4255,Mitchell Santner,Left hand Bat,Bowling Allrounder
3.0,8,1.0,0,0,300.00,8,0,1,v Bangladesh,Wellington,2021-03-26,ODI # 4282,Mitchell Santner,Left hand Bat,Bowling Allrounder
6.0,17,11.0,1,0,54.54,8,1,2,v Ireland,Dublin (Malahide),2022-07-12,ODI # 4423,Mitchell Santner,Left hand Bat,Bowling Allrounder
14.0,11,10.0,2,0,140.00,8,0,1,v Ireland,Dublin (Malahide),2022-07-15,ODI # 4429,Mitchell Santner,Left hand Bat,Bowling Allrounder
25.0,-,38.0,3,0,65.78,8,1,1,v West Indies,Bridgetown,2022-08-17,ODI # 4450,Mitchell Santner,Left hand Bat,Bowling Allrounder
26.0,41,27.0,1,1,96.29,9,0,1,v West Indies,Bridgetown,2022-08-19,ODI # 4453,Mitchell Santner,Left hand Bat,Bowling Allrounder
13.0,26,13.0,1,0,100.00,8,1,1,v Australia,Cairns,2022-09-06,ODI # 4461,Mitchell Santner,Left hand Bat,Bowling Allrounder
16.0,44,29.0,2,0,55.17,8,0,2,v Australia,Cairns,2022-09-08,ODI # 4462,Mitchell Santner,Left hand Bat,Bowling Allrounder
30.0,49,33.0,2,1,90.90,8,1,2,v Australia,Cairns,2022-09-11,ODI # 4464,Mitchell Santner,Left hand Bat,Bowling Allrounder
21.0,28,18.0,3,0,116.66,8,1,1,v Pakistan,Karachi,2023-01-09,ODI # 4500,Mitchell Santner,Left hand Bat,Bowling Allrounder
37.0,62,40.0,1,1,92.50,8,1,1,v Pakistan,Karachi,2023-01-11,ODI # 4502,Mitchell Santner,Left hand Bat,Bowling Allrounder
15.0,35,17.0,1,0,88.23,8,1,2,v Pakistan,Karachi,2023-01-13,ODI # 4504,Mitchell Santner,Left hand Bat,Bowling Allrounder
57.0,79,45.0,7,1,126.66,8,1,2,v India,Rajiv Gandhi International Cricket Stadium,2023-01-18,ODI # 4507,Mitchell Santner,Left hand Bat,Bowling Allrounder
27.0,47,39.0,3,0,69.23,8,1,1,v India,Raipur,2023-01-21,ODI # 4509,Mitchell Santner,Left hand Bat,Bowling Allrounder
34.0,47,29.0,3,2,117.24,8,1,2,v India,Indore,2023-01-24,ODI # 4511,Mitchell Santner,Left hand Bat,Bowling Allrounder
0.0,1,0.0,0,0,-,11,1,2,v South Africa,Centurion,2015-08-19,ODI # 3676,Ish Sodhi,Right hand Bat,Bowler
5.0,19,15.0,0,0,33.33,11,1,2,v South Africa,Durban,2015-08-26,ODI # 3678,Ish Sodhi,Right hand Bat,Bowler
0.0,1,1.0,0,0,0.00,11,1,1,v Australia,Hamilton,2016-02-08,ODI # 3735,Ish Sodhi,Right hand Bat,Bowler
1.0,12,10.0,0,0,10.00,11,1,1,v India,Himachal Pradesh Cricket Association Stadium,2016-10-16,ODI # 3796,Ish Sodhi,Right hand Bat,Bowler
0.0,5,5.0,0,0,0.00,10,1,2,v India,Visakhapatnam,2016-10-29,ODI # 3800,Ish Sodhi,Right hand Bat,Bowler
2.0,16,3.0,0,0,66.66,10,0,2,v England,Wellington,2018-03-03,ODI # 3982,Ish Sodhi,Right hand Bat,Bowler
5.0,9,7.0,0,0,71.42,10,1,1,v England,Christchurch,2018-03-10,ODI # 3992,Ish Sodhi,Right hand Bat,Bowler
24.0,-,19.0,1,2,126.31,9,1,1,v Pakistan,Abu Dhabi,2018-11-07,ODI # 4066,Ish Sodhi,Right hand Bat,Bowler
13.0,-,11.0,1,1,118.18,9,1,1,v Pakistan,Abu Dhabi,2018-11-09,ODI # 4068,Ish Sodhi,Right hand Bat,Bowler
0.0,-,0.0,0,0,-,9,0,1,v Sri Lanka,Mount Maunganui,2019-01-03,ODI # 4074,Ish Sodhi,Right hand Bat,Bowler
0.0,1,1.0,0,0,0.00,9,1,2,v India,Mount Maunganui,2019-01-26,ODI # 4085,Ish Sodhi,Right hand Bat,Bowler
12.0,13,12.0,0,1,100.00,9,1,1,v India,Mount Maunganui,2019-01-28,ODI # 4088,Ish Sodhi,Right hand Bat,Bowler
5.0,11,4.0,1,0,125.00,9,1,2,v Australia,Lord's,2019-06-29,ODI # 4178,Ish Sodhi,Right hand Bat,Bowler
14.0,-,16.0,1,0,87.50,9,0,2,v Australia,SCG,2020-03-13,ODI # 4255,Ish Sodhi,Right hand Bat,Bowler
18.0,30,25.0,0,1,72.00,9,1,1,v Netherlands,Hamilton,2022-04-02,ODI # 4381,Ish Sodhi,Right hand Bat,Bowler
13.0,13,5.0,1,1,260.00,9,0,1,v Netherlands,Hamilton,2022-04-04,ODI # 4383,Ish Sodhi,Right hand Bat,Bowler
25.0,41,35.0,1,1,71.42,8,1,2,v Ireland,Dublin (Malahide),2022-07-10,ODI # 4419,Ish Sodhi,Right hand Bat,Bowler
7.0,25,22.0,0,0,31.81,9,1,1,v Pakistan,Karachi,2023-01-11,ODI # 4502,Ish Sodhi,Right hand Bat,Bowler
0.0,13,9.0,0,0,0.00,9,1,2,v Pakistan,Karachi,2023-01-13,ODI # 4504,Ish Sodhi,Right hand Bat,Bowler
10.0,25,18.0,0,0,55.55,10,1,1,v Sri Lanka,Auckland,2023-03-25,ODI # 4548,Ish Sodhi,Right hand Bat,Bowler
1.0,7,3.0,0,0,33.33,10,1,2,v Pakistan,Karachi,2023-05-03,ODI # 4573,Ish Sodhi,Right hand Bat,Bowler
9.0,20,14.0,1,0,64.28,8,1,2,v Pakistan,Karachi,2023-05-05,ODI # 4574,Ish Sodhi,Right hand Bat,Bowler
2.0,3,2.0,0,0,100.00,11,1,1,v Pakistan,Karachi,2023-05-07,ODI # 4575,Ish Sodhi,Right hand Bat,Bowler
6.0,11,6.0,0,1,100.00,10,1,2,v England,Riverside Ground,2008-06-15,ODI # 2708,Tim Southee,Right hand Bat,Bowler
0.0,1,1.0,0,0,0.00,10,1,1,v England,County Ground Bristol,2008-06-21,ODI # 2710,Tim Southee,Right hand Bat,Bowler
6.0,15,9.0,0,0,66.66,10,1,2,v England,Kennington Oval,2008-06-25,ODI # 2714,Tim Southee,Right hand Bat,Bowler
19.0,16,14.0,2,1,135.71,10,0,1,v Bangladesh,Mirpur,2008-10-09,ODI # 2763,Tim Southee,Right hand Bat,Bowler
0.0,10,3.0,0,0,0.00,10,1,1,v Bangladesh,Mirpur,2008-10-11,ODI # 2764,Tim Southee,Right hand Bat,Bowler
6.0,6,4.0,1,0,150.00,10,0,1,v West Indies,Christchurch,2009-01-03,ODI # 2787,Tim Southee,Right hand Bat,Bowler
3.0,11,6.0,0,0,50.00,9,1,2,v Australia,Western Australia Cricket Association Ground,2009-02-01,ODI # 2811,Tim Southee,Right hand Bat,Bowler
17.0,16,10.0,1,1,170.00,8,1,2,v Australia,SCG,2009-02-08,ODI # 2817,Tim Southee,Right hand Bat,Bowler
7.0,4,4.0,0,0,175.00,10,0,1,v Australia,Adelaide Oval,2009-02-10,ODI # 2819,Tim Southee,Right hand Bat,Bowler
32.0,36,20.0,3,2,160.00,10,1,2,v India,Christchurch,2009-03-08,ODI # 2823,Tim Southee,Right hand Bat,Bowler
1.0,4,7.0,0,0,14.28,11,1,2,v Pakistan,Abu Dhabi,2009-11-03,ODI # 2921,Tim Southee,Right hand Bat,Bowler
4.0,13,7.0,0,0,57.14,11,1,1,v Pakistan,Abu Dhabi,2009-11-09,ODI # 2927,Tim Southee,Right hand Bat,Bowler
0.0,2,2.0,0,0,0.00,9,1,1,v Bangladesh,Napier,2010-02-05,ODI # 2949,Tim Southee,Right hand Bat,Bowler
2.0,7,3.0,0,0,66.66,9,1,2,v Australia,Napier,2010-03-03,ODI # 2966,Tim Southee,Right hand Bat,Bowler
4.0,15,8.0,0,0,50.00,11,0,2,v Australia,Auckland,2010-03-06,ODI # 2969,Tim Southee,Right hand Bat,Bowler
1.0,2,2.0,0,0,50.00,10,1,1,v Australia,Hamilton,2010-03-09,ODI # 2971,Tim Southee,Right hand Bat,Bowler
1.0,2,2.0,0,0,50.00,11,0,1,v Australia,Auckland,2010-03-11,ODI # 2973,Tim Southee,Right hand Bat,Bowler
13.0,48,30.0,0,0,43.33,10,1,1,v Sri Lanka,Dambulla,2010-08-13,ODI # 3031,Tim Southee,Right hand Bat,Bowler
10.0,9,5.0,1,1,200.00,10,1,2,v India,Dambulla,2010-08-25,ODI # 3039,Tim Southee,Right hand Bat,Bowler
1.0,5,2.0,0,0,50.00,10,0,2,v Bangladesh,Mirpur,2010-10-05,ODI # 3051,Tim Southee,Right hand Bat,Bowler
0.0,3,4.0,0,0,0.00,10,1,1,v Bangladesh,Mirpur,2010-10-11,ODI # 3054,Tim Southee,Right hand Bat,Bowler
2.0,2,1.0,0,0,200.00,10,0,1,v India,Jaipur,2010-12-01,ODI # 3072,Tim Southee,Right hand Bat,Bowler
0.0,1,2.0,0,0,0.00,11,1,1,v India,MA Chidambaram Stadium,2010-12-10,ODI # 3077,Tim Southee,Right hand Bat,Bowler
13.0,26,17.0,0,1,76.47,10,0,2,v Pakistan,Christchurch,2011-01-29,ODI # 3090,Tim Southee,Right hand Bat,Bowler
6.0,20,10.0,0,0,60.00,10,1,1,v Australia,Nagpur,2011-02-25,ODI # 3107,Tim Southee,Right hand Bat,Bowler
8.0,9,8.0,1,0,100.00,10,1,2,v Sri Lanka,Wankhede,2011-03-18,ODI # 3137,Tim Southee,Right hand Bat,Bowler
0.0,3,3.0,0,0,0.00,10,1,1,v Sri Lanka,Colombo (RPS),2011-03-29,ODI # 3146,Tim Southee,Right hand Bat,Bowler
3.0,6,4.0,0,0,75.00,11,1,1,v Zimbabwe,Dunedin,2012-02-03,ODI # 3230,Tim Southee,Right hand Bat,Bowler
4.0,1,1.0,1,0,400.00,11,0,1,v South Africa,Wellington,2012-02-25,ODI # 3249,Tim Southee,Right hand Bat,Bowler
28.0,29,27.0,2,2,103.70,9,1,1,v South Africa,Napier,2012-02-29,ODI # 3252,Tim Southee,Right hand Bat,Bowler
9.0,18,10.0,0,0,90.00,10,0,1,v West Indies,Kingston,2012-07-05,ODI # 3283,Tim Southee,Right hand Bat,Bowler
2.0,7,3.0,0,0,66.66,7,1,2,v West Indies,Kingston,2012-07-07,ODI # 3285,Tim Southee,Right hand Bat,Bowler
17.0,22,11.0,1,1,154.54,10,0,1,v West Indies,Basseterre,2012-07-11,ODI # 3288,Tim Southee,Right hand Bat,Bowler
3.0,15,8.0,0,0,37.50,10,1,2,v West Indies,Basseterre,2012-07-14,ODI # 3289,Tim Southee,Right hand Bat,Bowler
4.0,13,6.0,0,0,66.66,10,0,2,v West Indies,Basseterre,2012-07-16,ODI # 3290,Tim Southee,Right hand Bat,Bowler
7.0,15,8.0,0,0,87.50,9,0,1,v Sri Lanka,Hambantota,2012-11-10,ODI # 3307,Tim Southee,Right hand Bat,Bowler
2.0,5,3.0,0,0,66.66,9,1,1,v England,Napier,2013-02-20,ODI # 3336,Tim Southee,Right hand Bat,Bowler
5.0,12,3.0,1,0,166.66,11,0,1,v England,Auckland,2013-02-23,ODI # 3338,Tim Southee,Right hand Bat,Bowler
15.0,17,15.0,3,0,100.00,9,1,2,v England,Trent Bridge,2013-06-05,ODI # 3362,Tim Southee,Right hand Bat,Bowler
13.0,43,21.0,1,0,61.90,9,0,2,v Sri Lanka,Sophia Gardens,2013-06-09,ODI # 3366,Tim Southee,Right hand Bat,Bowler
0.0,4,1.0,0,0,0.00,9,1,2,v Bangladesh,Mirpur,2013-10-29,ODI # 3423,Tim Southee,Right hand Bat,Bowler
0.0,7,1.0,0,0,0.00,11,1,2,v Bangladesh,Mirpur,2013-10-31,ODI # 3426,Tim Southee,Right hand Bat,Bowler
9.0,13,7.0,1,0,128.57,10,1,2,v West Indies,Hamilton,2014-01-08,ODI # 3453,Tim Southee,Right hand Bat,Bowler
3.0,5,3.0,0,0,100.00,9,0,1,v India,Napier,2014-01-19,ODI # 3456,Tim Southee,Right hand Bat,Bowler
27.0,28,23.0,1,3,117.39,9,1,1,v India,Auckland,2014-01-25,ODI # 3462,Tim Southee,Right hand Bat,Bowler
5.0,6,5.0,1,0,100.00,9,1,2,v South Africa,Mount Maunganui,2014-10-24,ODI # 3537,Tim Southee,Right hand Bat,Bowler
1.0,7,4.0,0,0,25.00,10,1,2,v Sri Lanka,Wellington,2015-01-29,ODI # 3594,Tim Southee,Right hand Bat,Bowler
0.0,-,1.0,0,0,0.00,10,1,2,v Australia,Auckland,2015-02-28,ODI # 3617,Tim Southee,Right hand Bat,Bowler
12.0,7,6.0,1,1,200.00,9,0,2,v Bangladesh,Hamilton,2015-03-13,ODI # 3634,Tim Southee,Right hand Bat,Bowler
11.0,21,11.0,0,1,100.00,9,1,1,v Australia,MCG,2015-03-29,ODI # 3646,Tim Southee,Right hand Bat,Bowler
5.0,3,3.0,1,0,166.66,9,0,2,v England,The Rose Bowl,2015-06-14,ODI # 3656,Tim Southee,Right hand Bat,Bowler
1.0,4,3.0,0,0,33.33,8,1,1,v England,Trent Bridge,2015-06-17,ODI # 3657,Tim Southee,Right hand Bat,Bowler
18.0,15,13.0,2,0,138.46,9,1,1,v England,Riverside Ground,2015-06-20,ODI # 3659,Tim Southee,Right hand Bat,Bowler
18.0,3,4.0,1,2,450.00,10,0,1,v Sri Lanka,Nelson,2015-12-31,ODI # 3717,Tim Southee,Right hand Bat,Bowler
55.0,36,45.0,6,3,122.22,10,1,1,v India,Himachal Pradesh Cricket Association Stadium,2016-10-16,ODI # 3796,Tim Southee,Right hand Bat,Bowler
0.0,3,2.0,0,0,0.00,9,1,1,v India,Arun Jaitley Stadium,2016-10-20,ODI # 3797,Tim Southee,Right hand Bat,Bowler
13.0,15,12.0,2,0,108.33,9,1,1,v India,Mohali,2016-10-23,ODI # 3798,Tim Southee,Right hand Bat,Bowler
9.0,10,5.0,1,0,180.00,9,0,1,v India,Ranchi,2016-10-26,ODI # 3799,Tim Southee,Right hand Bat,Bowler
0.0,3,4.0,0,0,0.00,9,1,2,v India,Visakhapatnam,2016-10-29,ODI # 3800,Tim Southee,Right hand Bat,Bowler
2.0,5,4.0,0,0,50.00,9,1,2,v Australia,Manuka Oval,2016-12-06,ODI # 3812,Tim Southee,Right hand Bat,Bowler
4.0,23,14.0,0,0,28.57,9,1,2,v Australia,MCG,2016-12-09,ODI # 3813,Tim Southee,Right hand Bat,Bowler
7.0,8,5.0,1,0,140.00,9,0,1,v Bangladesh,Christchurch,2016-12-26,ODI # 3814,Tim Southee,Right hand Bat,Bowler
3.0,-,7.0,0,0,42.85,9,1,1,v Bangladesh,Nelson,2016-12-29,ODI # 3815,Tim Southee,Right hand Bat,Bowler
0.0,1,2.0,0,0,0.00,9,1,1,v Australia,Auckland,2017-01-30,ODI # 3829,Tim Southee,Right hand Bat,Bowler
10.0,12,8.0,0,1,125.00,9,1,1,v Australia,Hamilton,2017-02-05,ODI # 3832,Tim Southee,Right hand Bat,Bowler
24.0,19,13.0,3,1,184.61,9,0,1,v South Africa,Hamilton,2017-02-19,ODI # 3836,Tim Southee,Right hand Bat,Bowler
5.0,5,6.0,1,0,83.33,9,1,2,v South Africa,Wellington,2017-02-25,ODI # 3841,Tim Southee,Right hand Bat,Bowler
6.0,7,7.0,0,1,85.71,9,1,1,v South Africa,Auckland,2017-03-04,ODI # 3846,Tim Southee,Right hand Bat,Bowler
0.0,3,0.0,0,0,-,10,0,1,v Australia,Edgbaston,2017-06-02,ODI # 3876,Tim Southee,Right hand Bat,Bowler
2.0,9,6.0,0,0,33.33,10,1,2,v England,Sophia Gardens,2017-06-06,ODI # 3880,Tim Southee,Right hand Bat,Bowler
10.0,9,5.0,2,0,200.00,10,0,1,v Bangladesh,Sophia Gardens,2017-06-09,ODI # 3883,Tim Southee,Right hand Bat,Bowler
25.0,21,22.0,1,1,113.63,10,0,1,v India,Maharashtra Cricket Association Stadium,2017-10-25,ODI # 3931,Tim Southee,Right hand Bat,Bowler
4.0,1,1.0,1,0,400.00,9,0,2,v India,Kanpur,2017-10-29,ODI # 3932,Tim Southee,Right hand Bat,Bowler
12.0,10,7.0,2,0,171.42,8,0,1,v Pakistan,Wellington,2018-01-06,ODI # 3946,Tim Southee,Right hand Bat,Bowler
6.0,7,5.0,1,0,120.00,9,1,1,v Pakistan,Dunedin,2018-01-13,ODI # 3949,Tim Southee,Right hand Bat,Bowler
14.0,16,11.0,1,0,127.27,9,0,1,v Pakistan,Wellington,2018-01-19,ODI # 3957,Tim Southee,Right hand Bat,Bowler
8.0,23,7.0,1,0,114.28,9,0,2,v England,Hamilton,2018-02-25,ODI # 3980,Tim Southee,Right hand Bat,Bowler
6.0,4,3.0,1,0,200.00,9,1,1,v England,Mount Maunganui,2018-02-28,ODI # 3981,Tim Southee,Right hand Bat,Bowler
7.0,10,8.0,1,0,87.50,9,1,2,v England,Wellington,2018-03-03,ODI # 3982,Tim Southee,Right hand Bat,Bowler
10.0,26,10.0,1,0,100.00,9,1,1,v England,Christchurch,2018-03-10,ODI # 3992,Tim Southee,Right hand Bat,Bowler
20.0,-,21.0,0,1,95.23,8,1,1,v Pakistan,Abu Dhabi,2018-11-07,ODI # 4066,Tim Southee,Right hand Bat,Bowler
13.0,-,21.0,1,0,61.90,8,1,1,v Pakistan,Abu Dhabi,2018-11-09,ODI # 4068,Tim Southee,Right hand Bat,Bowler
1.0,-,2.0,0,0,50.00,8,0,1,v Sri Lanka,Mount Maunganui,2019-01-05,ODI # 4075,Tim Southee,Right hand Bat,Bowler
9.0,19,12.0,0,1,75.00,9,0,1,v India,Napier,2019-01-23,ODI # 4082,Tim Southee,Right hand Bat,Bowler
7.0,30,16.0,0,0,43.75,9,0,2,v England,Riverside Ground,2019-07-03,ODI # 4183,Tim Southee,Right hand Bat,Bowler
3.0,17,10.0,0,0,30.00,9,1,1,v India,Auckland,2020-02-08,ODI # 4239,Tim Southee,Right hand Bat,Bowler
12.0,-,17.0,1,0,70.58,9,1,1,v West Indies,Bridgetown,2022-08-17,ODI # 4450,Tim Southee,Right hand Bat,Bowler
4.0,10,6.0,0,0,66.66,10,1,1,v West Indies,Bridgetown,2022-08-19,ODI # 4453,Tim Southee,Right hand Bat,Bowler
2.0,7,3.0,0,0,66.66,9,1,2,v Australia,Cairns,2022-09-08,ODI # 4462,Tim Southee,Right hand Bat,Bowler
8.0,20,9.0,1,0,88.88,9,0,2,v Australia,Cairns,2022-09-11,ODI # 4464,Tim Southee,Right hand Bat,Bowler
15.0,22,11.0,1,0,136.36,10,0,1,v Pakistan,Karachi,2023-01-09,ODI # 4500,Tim Southee,Right hand Bat,Bowler
0.0,6,4.0,0,0,0.00,10,1,1,v Pakistan,Karachi,2023-01-11,ODI # 4502,Tim Southee,Right hand Bat,Bowler
0.0,3,1.0,0,0,0.00,10,0,2,v Pakistan,Karachi,2023-01-13,ODI # 4504,Tim Southee,Right hand Bat,Bowler
1.0,11,3.0,0,0,33.33,11,0,1,v Netherlands,Hamilton,2022-04-02,ODI # 4381,Blair Tickner,Right hand Bat,Bowler
0.0,5,0.0,0,0,-,11,0,2,v Ireland,Dublin (Malahide),2022-07-10,ODI # 4419,Blair Tickner,Right hand Bat,Bowler
1.0,9,1.0,0,0,100.00,11,0,2,v India,Rajiv Gandhi International Cricket Stadium,2023-01-18,ODI # 4507,Blair Tickner,Right hand Bat,Bowler
2.0,7,7.0,0,0,28.57,11,1,1,v India,Raipur,2023-01-21,ODI # 4509,Blair Tickner,Right hand Bat,Bowler
0.0,9,2.0,0,0,0.00,11,0,2,v India,Indore,2023-01-24,ODI # 4511,Blair Tickner,Right hand Bat,Bowler
6.0,8,4.0,1,0,150.00,11,0,1,v Sri Lanka,Auckland,2023-03-25,ODI # 4548,Blair Tickner,Right hand Bat,Bowler
6.0,14,11.0,0,0,54.54,10,1,2,v Pakistan,Karachi,2023-05-05,ODI # 4574,Blair Tickner,Right hand Bat,Bowler
0.0,7,9.0,0,0,0.00,4,1,1,v India,Dambulla,2010-08-10,ODI # 3030,Kane Williamson,Right hand Bat,Top order Batter
0.0,3,2.0,0,0,0.00,4,1,1,v Sri Lanka,Dambulla,2010-08-13,ODI # 3031,Kane Williamson,Right hand Bat,Top order Batter
13.0,33,27.0,1,0,48.14,6,1,2,v India,Dambulla,2010-08-25,ODI # 3039,Kane Williamson,Right hand Bat,Top order Batter
108.0,193,132.0,6,2,81.81,5,1,2,v Bangladesh,Mirpur,2010-10-14,ODI # 3056,Kane Williamson,Right hand Bat,Top order Batter
0.0,7,6.0,0,0,0.00,5,1,2,v Bangladesh,Mirpur,2010-10-17,ODI # 3058,Kane Williamson,Right hand Bat,Top order Batter
25.0,73,51.0,0,0,49.01,3,1,2,v India,Guwahati,2010-11-28,ODI # 3070,Kane Williamson,Right hand Bat,Top order Batter
29.0,56,46.0,4,0,63.04,3,1,1,v India,Jaipur,2010-12-01,ODI # 3072,Kane Williamson,Right hand Bat,Top order Batter
21.0,71,50.0,1,0,42.00,3,1,1,v India,Vadodara,2010-12-04,ODI # 3074,Kane Williamson,Right hand Bat,Top order Batter
42.0,77,63.0,1,0,66.66,5,1,2,v Pakistan,Christchurch,2011-01-29,ODI # 3090,Kane Williamson,Right hand Bat,Top order Batter
15.0,51,36.0,1,0,41.66,5,1,1,v Pakistan,Napier,2011-02-01,ODI # 3093,Kane Williamson,Right hand Bat,Top order Batter
34.0,38,27.0,4,0,125.92,6,0,1,v Canada,Wankhede,2011-03-13,ODI # 3129,Kane Williamson,Right hand Bat,Top order Batter
5.0,12,8.0,0,0,62.50,5,1,2,v Sri Lanka,Wankhede,2011-03-18,ODI # 3137,Kane Williamson,Right hand Bat,Top order Batter
38.0,63,41.0,1,1,92.68,6,0,1,v South Africa,Mirpur,2011-03-25,ODI # 3144,Kane Williamson,Right hand Bat,Top order Batter
22.0,23,16.0,3,0,137.50,6,1,1,v Sri Lanka,Colombo (RPS),2011-03-29,ODI # 3146,Kane Williamson,Right hand Bat,Top order Batter
14.0,27,18.0,1,0,77.77,5,0,2,v Zimbabwe,Harare,2011-10-22,ODI # 3206,Kane Williamson,Right hand Bat,Top order Batter
100.0,94,69.0,11,1,144.92,6,0,1,v Zimbabwe,Bulawayo,2011-10-25,ODI # 3209,Kane Williamson,Right hand Bat,Top order Batter
35.0,67,53.0,4,0,66.03,4,1,1,v Zimbabwe,Dunedin,2012-02-03,ODI # 3230,Kane Williamson,Right hand Bat,Top order Batter
4.0,7,8.0,0,0,50.00,5,1,1,v Zimbabwe,Whangarei,2012-02-06,ODI # 3232,Kane Williamson,Right hand Bat,Top order Batter
38.0,49,40.0,3,0,95.00,5,1,1,v Zimbabwe,Napier,2012-02-09,ODI # 3234,Kane Williamson,Right hand Bat,Top order Batter
55.0,114,69.0,4,0,79.71,4,1,1,v South Africa,Wellington,2012-02-25,ODI # 3249,Kane Williamson,Right hand Bat,Top order Batter
13.0,35,18.0,0,0,72.22,4,1,1,v South Africa,Napier,2012-02-29,ODI # 3252,Kane Williamson,Right hand Bat,Top order Batter
22.0,69,43.0,1,0,51.16,4,1,1,v South Africa,Auckland,2012-03-03,ODI # 3254,Kane Williamson,Right hand Bat,Top order Batter
24.0,67,52.0,1,0,46.15,4,1,1,v West Indies,Kingston,2012-07-05,ODI # 3283,Kane Williamson,Right hand Bat,Top order Batter
58.0,103,65.0,4,1,89.23,4,1,2,v West Indies,Kingston,2012-07-07,ODI # 3285,Kane Williamson,Right hand Bat,Top order Batter
9.0,26,17.0,1,0,52.94,4,1,1,v West Indies,Basseterre,2012-07-11,ODI # 3288,Kane Williamson,Right hand Bat,Top order Batter
3.0,13,12.0,0,0,25.00,5,1,2,v West Indies,Basseterre,2012-07-14,ODI # 3289,Kane Williamson,Right hand Bat,Top order Batter
69.0,122,84.0,5,1,82.14,5,1,2,v West Indies,Basseterre,2012-07-16,ODI # 3290,Kane Williamson,Right hand Bat,Top order Batter
5.0,9,6.0,0,0,83.33,7,1,1,v Sri Lanka,Pallekele,2012-11-06,ODI # 3306,Kane Williamson,Right hand Bat,Top order Batter
21.0,50,29.0,2,0,72.41,5,1,1,v Sri Lanka,Hambantota,2012-11-10,ODI # 3307,Kane Williamson,Right hand Bat,Top order Batter
5.0,24,15.0,1,0,33.33,4,1,2,v South Africa,Paarl,2013-01-19,ODI # 3323,Kane Williamson,Right hand Bat,Top order Batter
145.0,207,136.0,17,1,106.61,3,0,1,v South Africa,Kimberley,2013-01-22,ODI # 3325,Kane Williamson,Right hand Bat,Top order Batter
6.0,17,17.0,1,0,35.29,3,1,1,v South Africa,Potchefstroom,2013-01-25,ODI # 3328,Kane Williamson,Right hand Bat,Top order Batter
74.0,136,99.0,6,0,74.74,3,1,2,v England,Hamilton,2013-02-17,ODI # 3335,Kane Williamson,Right hand Bat,Top order Batter
33.0,82,47.0,3,0,70.21,3,1,1,v England,Napier,2013-02-20,ODI # 3336,Kane Williamson,Right hand Bat,Top order Batter
7.0,12,12.0,1,0,58.33,3,1,1,v England,Auckland,2013-02-23,ODI # 3338,Kane Williamson,Right hand Bat,Top order Batter
0.0,3,2.0,0,0,0.00,3,1,2,v England,Lord's,2013-05-31,ODI # 3360,Kane Williamson,Right hand Bat,Top order Batter
55.0,87,63.0,3,0,87.30,3,1,1,v England,The Rose Bowl,2013-06-02,ODI # 3361,Kane Williamson,Right hand Bat,Top order Batter
19.0,41,28.0,1,0,67.85,3,1,2,v England,Trent Bridge,2013-06-05,ODI # 3362,Kane Williamson,Right hand Bat,Top order Batter
16.0,29,22.0,1,0,72.72,3,1,2,v Sri Lanka,Sophia Gardens,2013-06-09,ODI # 3366,Kane Williamson,Right hand Bat,Top order Batter
18.0,45,37.0,1,0,48.64,3,0,2,v Australia,Edgbaston,2013-06-12,ODI # 3369,Kane Williamson,Right hand Bat,Top order Batter
67.0,92,54.0,8,1,124.07,3,1,2,v England,Sophia Gardens,2013-06-16,ODI # 3373,Kane Williamson,Right hand Bat,Top order Batter
8.0,44,22.0,0,0,36.36,3,1,1,v West Indies,Auckland,2013-12-26,ODI # 3449,Kane Williamson,Right hand Bat,Top order Batter
47.0,61,55.0,3,0,85.45,3,1,1,v West Indies,Nelson,2014-01-04,ODI # 3452,Kane Williamson,Right hand Bat,Top order Batter
16.0,27,21.0,2,0,76.19,3,1,2,v West Indies,Hamilton,2014-01-08,ODI # 3453,Kane Williamson,Right hand Bat,Top order Batter
71.0,110,88.0,7,0,80.68,3,1,1,v India,Napier,2014-01-19,ODI # 3456,Kane Williamson,Right hand Bat,Top order Batter
77.0,99,87.0,5,1,88.50,3,1,1,v India,Hamilton,2014-01-22,ODI # 3458,Kane Williamson,Right hand Bat,Top order Batter
65.0,98,74.0,4,1,87.83,3,1,1,v India,Auckland,2014-01-25,ODI # 3462,Kane Williamson,Right hand Bat,Top order Batter
60.0,100,82.0,2,2,73.17,3,1,2,v India,Hamilton,2014-01-28,ODI # 3465,Kane Williamson,Right hand Bat,Top order Batter
88.0,117,91.0,8,1,96.70,3,1,1,v India,Wellington,2014-01-31,ODI # 3467,Kane Williamson,Right hand Bat,Top order Batter
10.0,21,19.0,2,0,52.63,3,1,1,v Pakistan,Dubai (DSC),2014-12-08,ODI # 3564,Kane Williamson,Right hand Bat,Top order Batter
70.0,127,91.0,7,0,76.92,3,0,2,v Pakistan,Sharjah,2014-12-12,ODI # 3566,Kane Williamson,Right hand Bat,Top order Batter
46.0,82,52.0,6,0,88.46,3,1,2,v Pakistan,Sharjah,2014-12-14,ODI # 3568,Kane Williamson,Right hand Bat,Top order Batter
123.0,150,105.0,12,0,117.14,3,1,1,v Pakistan,Abu Dhabi,2014-12-17,ODI # 3570,Kane Williamson,Right hand Bat,Top order Batter
97.0,156,119.0,8,0,81.51,3,1,1,v Pakistan,Abu Dhabi,2014-12-19,ODI # 3571,Kane Williamson,Right hand Bat,Top order Batter
15.0,43,22.0,1,0,68.18,3,1,2,v Sri Lanka,Christchurch,2015-01-11,ODI # 3574,Kane Williamson,Right hand Bat,Top order Batter
103.0,155,107.0,6,1,96.26,3,1,2,v Sri Lanka,Nelson,2015-01-20,ODI # 3585,Kane Williamson,Right hand Bat,Top order Batter
26.0,60,32.0,4,0,81.25,3,1,1,v Sri Lanka,Dunedin,2015-01-23,ODI # 3588,Kane Williamson,Right hand Bat,Top order Batter
97.0,141,95.0,8,2,102.10,3,1,1,v Sri Lanka,Dunedin,2015-01-25,ODI # 3590,Kane Williamson,Right hand Bat,Top order Batter
54.0,120,83.0,4,0,65.06,3,1,2,v Sri Lanka,Wellington,2015-01-29,ODI # 3594,Kane Williamson,Right hand Bat,Top order Batter
112.0,132,88.0,14,1,127.27,3,1,1,v Pakistan,Napier,2015-02-03,ODI # 3598,Kane Williamson,Right hand Bat,Top order Batter
57.0,70,65.0,5,1,87.69,3,1,1,v Sri Lanka,Christchurch,2015-02-14,ODI # 3599,Kane Williamson,Right hand Bat,Top order Batter
38.0,60,45.0,6,0,84.44,3,1,2,v Scotland,Dunedin,2015-02-17,ODI # 3604,Kane Williamson,Right hand Bat,Top order Batter
9.0,23,22.0,1,0,40.90,3,0,2,v England,Wellington,2015-02-20,ODI # 3607,Kane Williamson,Right hand Bat,Top order Batter
45.0,-,42.0,5,1,107.14,3,0,2,v Australia,Auckland,2015-02-28,ODI # 3617,Kane Williamson,Right hand Bat,Top order Batter
33.0,58,45.0,4,0,73.33,3,1,2,v Afghanistan,Napier,2015-03-08,ODI # 3628,Kane Williamson,Right hand Bat,Top order Batter
1.0,3,2.0,0,0,50.00,3,1,2,v Bangladesh,Hamilton,2015-03-13,ODI # 3634,Kane Williamson,Right hand Bat,Top order Batter
33.0,48,35.0,5,0,94.28,3,1,1,v West Indies,Wellington,2015-03-21,ODI # 3643,Kane Williamson,Right hand Bat,Top order Batter
6.0,12,11.0,1,0,54.54,3,1,2,v South Africa,Auckland,2015-03-24,ODI # 3644,Kane Williamson,Right hand Bat,Top order Batter
12.0,52,33.0,1,0,36.36,3,1,1,v Australia,MCG,2015-03-29,ODI # 3646,Kane Williamson,Right hand Bat,Top order Batter
45.0,54,43.0,8,0,104.65,3,1,2,v England,Edgbaston,2015-06-09,ODI # 3654,Kane Williamson,Right hand Bat,Top order Batter
93.0,121,88.0,12,1,105.68,3,1,1,v England,Kennington Oval,2015-06-12,ODI # 3655,Kane Williamson,Right hand Bat,Top order Batter
118.0,159,113.0,12,1,104.42,3,1,2,v England,The Rose Bowl,2015-06-14,ODI # 3656,Kane Williamson,Right hand Bat,Top order Batter
90.0,118,70.0,12,1,128.57,3,1,1,v England,Trent Bridge,2015-06-17,ODI # 3657,Kane Williamson,Right hand Bat,Top order Batter
50.0,81,65.0,5,0,76.92,3,1,1,v England,Riverside Ground,2015-06-20,ODI # 3659,Kane Williamson,Right hand Bat,Top order Batter
97.0,124,102.0,11,1,95.09,3,1,1,v Zimbabwe,Harare,2015-08-02,ODI # 3673,Kane Williamson,Right hand Bat,Top order Batter
90.0,126,109.0,8,1,82.56,3,1,1,v Zimbabwe,Harare,2015-08-07,ODI # 3675,Kane Williamson,Right hand Bat,Top order Batter
47.0,93,69.0,4,1,68.11,3,1,2,v South Africa,Centurion,2015-08-19,ODI # 3676,Kane Williamson,Right hand Bat,Top order Batter
7.0,12,13.0,1,0,53.84,3,1,2,v South Africa,Potchefstroom,2015-08-23,ODI # 3677,Kane Williamson,Right hand Bat,Top order Batter
39.0,75,59.0,4,0,66.10,3,1,2,v South Africa,Durban,2015-08-26,ODI # 3678,Kane Williamson,Right hand Bat,Top order Batter
59.0,102,73.0,7,0,80.82,3,1,1,v Sri Lanka,Nelson,2015-12-31,ODI # 3717,Kane Williamson,Right hand Bat,Top order Batter
12.0,15,12.0,1,0,100.00,3,1,1,v Sri Lanka,Nelson,2016-01-02,ODI # 3718,Kane Williamson,Right hand Bat,Top order Batter
61.0,91,72.0,7,0,84.72,3,1,1,v Sri Lanka,Mount Maunganui,2016-01-05,ODI # 3721,Kane Williamson,Right hand Bat,Top order Batter
10.0,55,17.0,0,0,58.82,3,1,1,v Pakistan,Wellington,2016-01-25,ODI # 3728,Kane Williamson,Right hand Bat,Top order Batter
84.0,128,86.0,9,3,97.67,3,1,2,v Pakistan,Auckland,2016-01-31,ODI # 3730,Kane Williamson,Right hand Bat,Top order Batter
0.0,8,8.0,0,0,0.00,3,1,1,v Australia,Auckland,2016-02-03,ODI # 3731,Kane Williamson,Right hand Bat,Top order Batter
60.0,100,74.0,5,1,81.08,3,1,1,v Australia,Wellington,2016-02-06,ODI # 3733,Kane Williamson,Right hand Bat,Top order Batter
18.0,38,28.0,1,0,64.28,3,1,1,v Australia,Hamilton,2016-02-08,ODI # 3735,Kane Williamson,Right hand Bat,Top order Batter
3.0,15,9.0,0,0,33.33,3,1,1,v India,Himachal Pradesh Cricket Association Stadium,2016-10-16,ODI # 3796,Kane Williamson,Right hand Bat,Top order Batter
118.0,183,128.0,14,1,92.18,3,1,1,v India,Arun Jaitley Stadium,2016-10-20,ODI # 3797,Kane Williamson,Right hand Bat,Top order Batter
22.0,27,27.0,3,0,81.48,3,1,1,v India,Mohali,2016-10-23,ODI # 3798,Kane Williamson,Right hand Bat,Top order Batter
41.0,81,59.0,4,0,69.49,3,1,1,v India,Ranchi,2016-10-26,ODI # 3799,Kane Williamson,Right hand Bat,Top order Batter
27.0,55,40.0,4,0,67.50,3,1,2,v India,Visakhapatnam,2016-10-29,ODI # 3800,Kane Williamson,Right hand Bat,Top order Batter
9.0,29,16.0,2,0,56.25,3,1,2,v Australia,SCG,2016-12-04,ODI # 3811,Kane Williamson,Right hand Bat,Top order Batter
81.0,148,80.0,5,2,101.25,3,1,2,v Australia,Manuka Oval,2016-12-06,ODI # 3812,Kane Williamson,Right hand Bat,Top order Batter
13.0,21,12.0,2,0,108.33,3,1,2,v Australia,MCG,2016-12-09,ODI # 3813,Kane Williamson,Right hand Bat,Top order Batter
31.0,48,36.0,5,0,86.11,3,1,1,v Bangladesh,Christchurch,2016-12-26,ODI # 3814,Kane Williamson,Right hand Bat,Top order Batter
14.0,-,35.0,2,0,40.00,3,1,1,v Bangladesh,Nelson,2016-12-29,ODI # 3815,Kane Williamson,Right hand Bat,Top order Batter
95.0,178,116.0,9,1,81.89,3,0,2,v Bangladesh,Nelson,2016-12-31,ODI # 3816,Kane Williamson,Right hand Bat,Top order Batter
24.0,48,34.0,2,0,70.58,3,1,1,v Australia,Auckland,2017-01-30,ODI # 3829,Kane Williamson,Right hand Bat,Top order Batter
36.0,51,42.0,5,0,85.71,3,1,1,v Australia,Hamilton,2017-02-05,ODI # 3832,Kane Williamson,Right hand Bat,Top order Batter
59.0,73,53.0,4,2,111.32,3,1,1,v South Africa,Hamilton,2017-02-19,ODI # 3836,Kane Williamson,Right hand Bat,Top order Batter
69.0,117,75.0,6,0,92.00,3,1,1,v South Africa,Christchurch,2017-02-22,ODI # 3839,Kane Williamson,Right hand Bat,Top order Batter
23.0,57,40.0,0,1,57.50,3,1,2,v South Africa,Wellington,2017-02-25,ODI # 3841,Kane Williamson,Right hand Bat,Top order Batter
21.0,38,24.0,3,0,87.50,3,1,2,v South Africa,Hamilton,2017-03-01,ODI # 3843,Kane Williamson,Right hand Bat,Top order Batter
9.0,28,16.0,1,0,56.25,3,1,1,v South Africa,Auckland,2017-03-04,ODI # 3846,Kane Williamson,Right hand Bat,Top order Batter
100.0,148,97.0,8,3,103.09,3,1,1,v Australia,Edgbaston,2017-06-02,ODI # 3876,Kane Williamson,Right hand Bat,Top order Batter
87.0,132,98.0,8,0,88.77,3,1,2,v England,Sophia Gardens,2017-06-06,ODI # 3880,Kane Williamson,Right hand Bat,Top order Batter
57.0,95,69.0,5,0,82.60,3,1,1,v Bangladesh,Sophia Gardens,2017-06-09,ODI # 3883,Kane Williamson,Right hand Bat,Top order Batter
6.0,14,8.0,0,0,75.00,3,1,2,v India,Wankhede,2017-10-22,ODI # 3928,Kane Williamson,Right hand Bat,Top order Batter
3.0,15,14.0,0,0,21.42,3,1,1,v India,Maharashtra Cricket Association Stadium,2017-10-25,ODI # 3931,Kane Williamson,Right hand Bat,Top order Batter
64.0,86,84.0,8,0,76.19,3,1,2,v India,Kanpur,2017-10-29,ODI # 3932,Kane Williamson,Right hand Bat,Top order Batter
38.0,61,45.0,5,0,84.44,3,1,2,v West Indies,Whangarei,2017-12-20,ODI # 3943,Kane Williamson,Right hand Bat,Top order Batter
115.0,158,117.0,8,1,98.29,3,1,1,v Pakistan,Wellington,2018-01-06,ODI # 3946,Kane Williamson,Right hand Bat,Top order Batter
19.0,40,28.0,2,0,67.85,3,1,2,v Pakistan,Nelson,2018-01-09,ODI # 3947,Kane Williamson,Right hand Bat,Top order Batter
73.0,138,101.0,7,0,72.27,3,1,1,v Pakistan,Dunedin,2018-01-13,ODI # 3949,Kane Williamson,Right hand Bat,Top order Batter
32.0,84,54.0,1,0,59.25,3,1,2,v Pakistan,Hamilton,2018-01-16,ODI # 3953,Kane Williamson,Right hand Bat,Top order Batter
22.0,50,36.0,0,0,61.11,3,1,1,v Pakistan,Wellington,2018-01-19,ODI # 3957,Kane Williamson,Right hand Bat,Top order Batter
8.0,29,23.0,1,0,34.78,3,1,2,v England,Hamilton,2018-02-25,ODI # 3980,Kane Williamson,Right hand Bat,Top order Batter
112.0,202,143.0,6,2,78.32,3,0,2,v England,Wellington,2018-03-03,ODI # 3982,Kane Williamson,Right hand Bat,Top order Batter
45.0,64,48.0,3,1,93.75,3,1,2,v England,Dunedin,2018-03-07,ODI # 3989,Kane Williamson,Right hand Bat,Top order Batter
14.0,39,25.0,1,0,56.00,3,1,1,v England,Christchurch,2018-03-10,ODI # 3992,Kane Williamson,Right hand Bat,Top order Batter
27.0,-,38.0,2,0,71.05,3,1,1,v Pakistan,Abu Dhabi,2018-11-07,ODI # 4066,Kane Williamson,Right hand Bat,Top order Batter
1.0,-,3.0,0,0,33.33,3,1,1,v Pakistan,Abu Dhabi,2018-11-09,ODI # 4068,Kane Williamson,Right hand Bat,Top order Batter
76.0,-,74.0,6,0,102.70,3,1,1,v Sri Lanka,Mount Maunganui,2019-01-03,ODI # 4074,Kane Williamson,Right hand Bat,Top order Batter
1.0,-,9.0,0,0,11.11,3,1,1,v Sri Lanka,Mount Maunganui,2019-01-05,ODI # 4075,Kane Williamson,Right hand Bat,Top order Batter
55.0,-,65.0,6,1,84.61,3,1,1,v Sri Lanka,Nelson,2019-01-08,ODI # 4076,Kane Williamson,Right hand Bat,Top order Batter
64.0,138,81.0,7,0,79.01,3,1,1,v India,Napier,2019-01-23,ODI # 4082,Kane Williamson,Right hand Bat,Top order Batter
20.0,13,11.0,1,2,181.81,3,1,2,v India,Mount Maunganui,2019-01-26,ODI # 4085,Kane Williamson,Right hand Bat,Top order Batter
28.0,62,48.0,4,0,58.33,3,1,1,v India,Mount Maunganui,2019-01-28,ODI # 4088,Kane Williamson,Right hand Bat,Top order Batter
11.0,23,18.0,2,0,61.11,3,1,2,v India,Hamilton,2019-01-31,ODI # 4091,Kane Williamson,Right hand Bat,Top order Batter
39.0,96,73.0,3,0,53.42,3,1,2,v India,Wellington,2019-02-03,ODI # 4092,Kane Williamson,Right hand Bat,Top order Batter
11.0,25,22.0,1,0,50.00,3,1,2,v Bangladesh,Napier,2019-02-13,ODI # 4093,Kane Williamson,Right hand Bat,Top order Batter
65.0,128,86.0,3,0,75.58,3,0,2,v Bangladesh,Christchurch,2019-02-16,ODI # 4094,Kane Williamson,Right hand Bat,Top order Batter
40.0,108,72.0,1,0,55.55,3,1,2,v Bangladesh,Kennington Oval,2019-06-05,ODI # 4151,Kane Williamson,Right hand Bat,Top order Batter
79.0,136,99.0,9,0,79.79,3,0,2,v Afghanistan,The Cooper Associates County Ground,2019-06-08,ODI # 4154,Kane Williamson,Right hand Bat,Top order Batter
106.0,216,138.0,9,1,76.81,3,0,2,v South Africa,Edgbaston,2019-06-19,ODI # 4165,Kane Williamson,Right hand Bat,Top order Batter
148.0,212,154.0,14,1,96.10,3,1,1,v West Indies,Emirates Old Trafford,2019-06-22,ODI # 4170,Kane Williamson,Right hand Bat,Top order Batter
41.0,114,69.0,4,0,59.42,3,1,1,v Pakistan,Edgbaston,2019-06-26,ODI # 4174,Kane Williamson,Right hand Bat,Top order Batter
40.0,69,51.0,2,1,78.43,3,1,2,v Australia,Lord's,2019-06-29,ODI # 4178,Kane Williamson,Right hand Bat,Top order Batter
27.0,62,40.0,3,0,67.50,3,1,2,v England,Riverside Ground,2019-07-03,ODI # 4183,Kane Williamson,Right hand Bat,Top order Batter
67.0,137,95.0,6,0,70.52,3,1,1,v India,Emirates Old Trafford,2019-07-09,ODI # 4190,Kane Williamson,Right hand Bat,Top order Batter
30.0,77,53.0,2,0,56.60,3,1,1,v England,Lord's,2019-07-14,ODI # 4192,Kane Williamson,Right hand Bat,Top order Batter
22.0,43,31.0,2,0,70.96,3,1,2,v India,Mount Maunganui,2020-02-11,ODI # 4243,Kane Williamson,Right hand Bat,Top order Batter
19.0,-,26.0,2,0,73.07,3,1,2,v Australia,SCG,2020-03-13,ODI # 4255,Kane Williamson,Right hand Bat,Top order Batter
34.0,-,50.0,4,0,68.00,3,1,1,v West Indies,Bridgetown,2022-08-17,ODI # 4450,Kane Williamson,Right hand Bat,Top order Batter
45.0,115,71.0,3,1,63.38,3,1,1,v Australia,Cairns,2022-09-06,ODI # 4461,Kane Williamson,Right hand Bat,Top order Batter
17.0,86,58.0,1,0,29.31,3,1,2,v Australia,Cairns,2022-09-08,ODI # 4462,Kane Williamson,Right hand Bat,Top order Batter
27.0,82,56.0,1,0,48.21,3,1,2,v Australia,Cairns,2022-09-11,ODI # 4464,Kane Williamson,Right hand Bat,Top order Batter
94.0,184,98.0,7,1,95.91,3,0,2,v India,Auckland,2022-11-25,ODI # 4483,Kane Williamson,Right hand Bat,Top order Batter
0.0,9,3.0,0,0,0.00,3,0,2,v India,Christchurch,2022-11-30,ODI # 4489,Kane Williamson,Right hand Bat,Top order Batter
26.0,66,39.0,3,0,66.66,3,1,1,v Pakistan,Karachi,2023-01-09,ODI # 4500,Kane Williamson,Right hand Bat,Top order Batter
85.0,162,100.0,10,0,85.00,3,1,1,v Pakistan,Karachi,2023-01-11,ODI # 4502,Kane Williamson,Right hand Bat,Top order Batter
53.0,106,68.0,2,0,77.94,3,1,2,v Pakistan,Karachi,2023-01-13,ODI # 4504,Kane Williamson,Right hand Bat,Top order Batter
11.0,6,6.0,2,0,183.33,4,0,2,v Bangladesh,Dunedin,2021-03-20,ODI # 4279,Will Young,Right hand Bat,Top order Batter
1.0,9,7.0,0,0,14.28,4,1,2,v Bangladesh,Christchurch,2021-03-23,ODI # 4280,Will Young,Right hand Bat,Top order Batter
103.0,150,114.0,8,3,90.35,3,0,2,v Netherlands,Mount Maunganui,2022-03-29,ODI # 4378,Will Young,Right hand Bat,Top order Batter
1.0,5,5.0,0,0,20.0,3,1,1,v Netherlands,Hamilton,2022-04-02,ODI # 4381,Will Young,Right hand Bat,Top order Batter
120.0,168,112.0,6,4,107.14,3,1,1,v Netherlands,Hamilton,2022-04-04,ODI # 4383,Will Young,Right hand Bat,Top order Batter
1.0,11,3.0,0,0,33.33,3,1,2,v Ireland,Dublin (Malahide),2022-07-10,ODI # 4419,Will Young,Right hand Bat,Top order Batter
0.0,2,1.0,0,0,0.0,3,1,2,v Ireland,Dublin (Malahide),2022-07-12,ODI # 4423,Will Young,Right hand Bat,Top order Batter
3.0,14,12.0,0,0,25.0,3,1,1,v Ireland,Dublin (Malahide),2022-07-15,ODI # 4429,Will Young,Right hand Bat,Top order Batter
26.0,33,28.0,2,1,92.85,3,1,1,v Sri Lanka,Auckland,2023-03-25,ODI # 4548,Will Young,Right hand Bat,Top order Batter
86.0,147,113.0,11,0,76.1,3,0,2,v Sri Lanka,Hamilton,2023-03-31,ODI # 4557,Will Young,Right hand Bat,Top order Batter
86.0,113,78.0,8,2,110.25,1,1,1,v Pakistan,Rawalpindi,2023-04-27,ODI # 4569,Will Young,Right hand Bat,Top order Batter
19.0,29,22.0,4,0,86.36,1,1,1,v Pakistan,Rawalpindi,2023-04-29,ODI # 4571,Will Young,Right hand Bat,Top order Batter
33.0,67,41.0,3,0,80.48,1,1,2,v Pakistan,Karachi,2023-05-03,ODI # 4573,Will Young,Right hand Bat,Top order Batter
15.0,34,20.0,3,0,75.0,1,1,2,v Pakistan,Karachi,2023-05-05,ODI # 4574,Will Young,Right hand Bat,Top order Batter
87.0,124,91.0,8,2,95.6,1,1,1,v Pakistan,Karachi,2023-05-07,ODI # 4575,Will Young,Right hand Bat,Top order Batter
0.0,2,1.0,0,0,0.00,9,1,1,v Pakistan,Karachi,2023-01-09,ODI # 4500,Henry Shipley,Right hand Bat,Bowler
0.0,3,1.0,0,0,0.00,9,1,2,v India,Rajiv Gandhi International Cricket Stadium,2023-01-18,ODI # 4507,Henry Shipley,Right hand Bat,Bowler
2.0,17,9.0,0,0,22.22,9,0,1,v India,Raipur,2023-01-21,ODI # 4509,Henry Shipley,Right hand Bat,Bowler
6.0,19,15.0,0,0,40.00,8,1,1,v Sri Lanka,Auckland,2023-03-25,ODI # 4548,Henry Shipley,Right hand Bat,Bowler
7.0,14,8.0,0,0,87.50,9,1,2,v Pakistan,Karachi,2023-05-03,ODI # 4573,Henry Shipley,Right hand Bat,Bowler
3.0,7,5.0,0,0,60.00,9,1,1,v Pakistan,Karachi,2023-05-07,ODI # 4575,Henry Shipley,Right hand Bat,Bowler
49.0,83,52.0,4,1,94.23,7,1,1,v Sri Lanka,Auckland,2023-03-25,ODI # 4548,Rachin Ravindra,Left hand Bat,Batting Allrounder
9.0,19,9.0,0,0,100.00,7,1,1,v Pakistan,Rawalpindi,2023-04-27,ODI # 4569,Rachin Ravindra,Left hand Bat,Batting Allrounder
28.0,37,20.0,4,0,140.00,7,1,1,v Pakistan,Karachi,2023-05-07,ODI # 4575,Rachin Ravindra,Left hand Bat,Batting Allrounder
14.0,24,15.0,2,0,93.33,1,1,1,v Sri Lanka,Auckland,2023-03-25,ODI # 4548,Chad Bowes,Right hand Bat,Top order Batter
1.0,4,5.0,0,0,20.0,1,1,2,v Sri Lanka,Hamilton,2023-03-31,ODI # 4557,Chad Bowes,Right hand Bat,Top order Batter
18.0,46,26.0,3,0,69.23,2,1,1,v Pakistan,Rawalpindi,2023-04-27,ODI # 4569,Chad Bowes,Right hand Bat,Top order Batter
51.0,95,51.0,7,0,100.0,2,1,1,v Pakistan,Rawalpindi,2023-04-29,ODI # 4571,Chad Bowes,Right hand Bat,Top order Batter
